price,size_beverage,salad,ice_cream,toy,revenue
3.546357246,0.6,1,0,1,34957.85537
4.179820924,0.7,0,0,1,50046.82075
3.63404509,0.6,0,0,0,41464.24088
4.166023716,0.7,1,1,0,43034.23901
4.139435194,0.7,1,0,0,34856.39879
3.64814034,0.6,0,0,0,48116.87867
2.409823942,0.4,1,1,0,31747.60101
2.988092798,0.5,1,0,0,36462.99946
3.037921674,0.5,0,1,0,42648.76956
1.158480221,0.2,1,0,0,16888.52379
2.340239774,0.4,0,0,0,45663.25462
2.993695787,0.5,1,0,0,35853.10142
3.164705629,0.5,1,0,0,33908.53854
3.560643327,0.6,0,0,1,47041.67383
4.688193911,0.8,1,0,0,33414.33008
4.199156154,0.7,0,0,0,48743.7118
2.276851967,0.4,1,0,1,33978.9567
2.511654096,0.4,0,0,1,45396.09988
3.086674633,0.5,0,1,0,43771.01075
2.317098733,0.4,1,1,0,31619.20299
4.12193686,0.7,0,0,1,51227.7974
3.555296928,0.6,0,0,0,40352.15156
3.795236516,0.6,1,0,0,32571.39136
2.280159195,0.4,0,0,0,33949.93875
4.795868438,0.8,0,0,0,37348.14966
3.69704638,0.6,0,0,1,47164.45087
3.45865278,0.6,1,0,0,34055.88291
2.493266518,0.4,0,1,0,41217.38408
5.273774569,0.9,0,0,0,45826.17489
1.179770533,0.2,1,0,1,23294.62658
2.339760744,0.4,1,0,0,25751.32143
3.899840582,0.7,1,0,1,36773.12326
3.068472721,0.5,1,0,1,36208.07325
4.103999802,0.7,0,0,1,51216.83152
4.312963632,0.7,1,1,0,45070.77827
4.786252259,0.8,1,0,0,37312.14857
4.034562275,0.7,1,0,0,38707.86208
1.624484658,0.3,0,0,0,29259.22711
2.339152052,0.4,0,1,0,42645.35428
2.281647778,0.4,1,0,0,25948.87433
4.121431496,0.7,0,0,1,46086.38302
4.280118374,0.7,1,0,1,37336.50599
2.330745586,0.4,0,0,0,34245.04525
3.135166324,0.5,1,0,0,33877.84508
2.929723136,0.5,1,1,1,41191.98322
2.008679148,0.3,1,1,0,28623.32526
4.261669842,0.7,1,0,0,38746.94843
1.794446581,0.3,0,0,0,33066.66003
3.607269668,0.6,1,0,0,36835.96913
2.886410539,0.5,1,0,0,33318.71097
5.357828999,0.9,0,0,1,52469.18502
2.490446295,0.4,1,1,1,39346.66474
1.103081983,0.2,0,0,1,27731.77138
4.104759858,0.7,1,1,0,39799.82575
2.679447889,0.4,1,0,0,28132.63194
4.747284644,0.8,0,0,0,39481.80429
2.405883116,0.4,0,0,0,33523.15715
3.077503518,0.5,1,1,0,36608.08522
2.558519416,0.4,0,0,0,39164.2072
1.187268999,0.2,1,0,0,16148.30092
4.833275682,0.8,1,0,0,36307.83622
3.681716185,0.6,1,0,1,41911.7937
1.733251443,0.3,1,0,1,33934.78731
1.810911929,0.3,0,0,0,32152.16824
3.064567062,0.5,0,0,0,43536.83051
4.675975537,0.8,1,0,0,33444.93062
1.810949367,0.3,1,0,0,23323.69359
3.449108495,0.6,0,0,1,55095.8101
3.659062438,0.6,1,0,0,33496.24393
4.168943894,0.7,1,0,0,32775.93959
3.07150446,0.5,0,0,1,41505.03292
4.159976028,0.7,1,0,0,39078.32429
3.612413217,0.6,0,1,1,49823.69574
3.599520413,0.6,1,0,1,37479.92634
2.563895835,0.4,0,1,0,38393.88158
3.610970826,0.6,0,0,0,43529.41642
1.544447427,0.3,1,1,1,31821.72638
4.153856419,0.7,1,0,0,36503.5727
4.259868201,0.7,0,0,0,42017.30828
2.207439265,0.4,0,0,0,35423.48382
4.294776925,0.7,1,1,1,52080.9849
1.85390753,0.3,1,1,0,23342.53719
4.252060285,0.7,1,0,0,37161.16604
1.655568879,0.3,1,0,1,31761.91196
1.734900148,0.3,0,0,1,43250.94503
3.46994073,0.6,1,1,1,44431.49019
2.451131364,0.4,1,0,1,38335.02157
1.19967263,0.2,0,0,0,26384.73104
4.187521139,0.7,0,0,0,38577.381
3.8136065,0.6,0,1,0,43612.53306
2.320843147,0.4,1,1,0,26923.12826
3.67453653,0.6,0,1,0,47705.82066
5.381524711,0.9,0,0,0,47433.10522
4.737932776,0.8,1,0,0,35184.90582
2.250584721,0.4,1,0,0,32319.61541
4.312491164,0.7,1,0,0,39711.64141
4.771898684,0.8,1,1,0,37358.70038
5.32817672,0.9,0,0,0,40790.09804
1.880778972,0.3,0,1,1,35775.06188
1.727007482,0.3,1,0,0,19508.0297
3.501514799,0.6,0,0,1,49064.03402
2.484076025,0.4,0,0,0,37303.44957
3.667075232,0.6,0,1,0,48468.25575
1.797653086,0.3,1,1,0,27588.17918
3.628982463,0.6,0,0,1,46424.08282
2.287212588,0.4,0,0,0,36497.04836
4.692248998,0.8,1,0,1,44007.45402
3.523129719,0.6,1,1,1,45232.93637
3.145503967,0.5,1,0,0,37331.23981
4.174062082,0.7,0,1,1,52183.38422
4.085981031,0.7,0,0,1,49477.17956
1.167949269,0.2,0,0,0,24304.22428
3.840499328,0.6,1,0,0,38076.5376
1.921203216,0.3,0,0,0,34392.10506
2.307154737,0.4,0,0,0,35024.51847
1.85137527,0.3,0,1,1,39513.54555
1.747805517,0.3,1,0,0,19973.21686
3.657218827,0.6,0,0,1,49498.23524
3.465843037,0.6,0,1,0,53875.08739
4.811750962,0.8,1,0,0,39169.25836
4.864115432,0.8,0,1,0,44405.46954
4.788013227,0.8,1,0,1,49036.90317
3.535578729,0.6,0,1,1,51354.32774
4.257349944,0.7,1,0,0,32492.08757
1.819690795,0.3,1,0,1,27658.31954
3.641304636,0.6,1,0,1,40373.7839
3.137877487,0.5,0,0,0,41602.3834
5.299006992,0.9,0,0,0,38933.06611
1.289727546,0.2,0,1,1,37791.48081
1.662346743,0.3,1,0,0,21096.33143
4.27724597,0.7,0,1,1,51202.9577
4.163934736,0.7,1,0,0,38666.73088
1.757172669,0.3,1,1,1,31765.56114
3.551215258,0.6,1,0,0,31245.88873
3.712450438,0.6,1,0,0,34105.66439
3.756656896,0.6,1,0,0,34106.26239
6.078700954,1,1,0,0,30086.09589
5.353375609,0.9,0,0,0,47794.1244
4.209488765,0.7,0,1,0,39836.60882
4.775583709,0.8,0,1,0,48880.78002
2.946123978,0.5,0,0,1,49321.30703
4.701021104,0.8,1,0,0,40088.16294
3.607751755,0.6,0,1,1,53948.07727
1.830614723,0.3,1,0,0,23837.8175
1.86682006,0.3,0,0,1,36839.87994
2.208150484,0.4,0,0,0,31769.24019
2.842125439,0.5,1,0,0,29765.47133
3.540336538,0.6,0,0,1,48375.12079
3.766709094,0.6,1,0,0,33968.65646
3.472385315,0.6,0,0,1,44994.60759
3.752279659,0.6,0,1,1,56343.03779
2.972463821,0.5,0,0,1,47635.50166
2.351150851,0.4,1,0,0,26442.16807
3.606702426,0.6,0,0,0,39382.62148
4.271017262,0.7,1,0,0,36615.44993
3.458573444,0.6,0,1,1,51503.18394
2.227773732,0.4,1,1,0,33911.87277
3.634231984,0.6,0,0,0,37712.61001
4.169569769,0.7,1,0,1,45645.39163
4.727455339,0.8,0,0,0,43708.34527
2.32384435,0.4,0,0,0,35944.99513
3.154927677,0.5,1,0,1,38962.85197
3.114968259,0.5,1,1,0,30198.08312
3.534366279,0.6,1,0,1,42959.93263
4.091629638,0.7,1,0,0,33509.53716
5.439653147,0.9,0,0,0,42227.14244
4.112469532,0.7,1,0,1,36304.04246
2.853586266,0.5,0,0,0,39308.69422
3.495115,0.6,0,0,0,41460.64682
1.708491495,0.3,1,0,0,23012.32479
5.422098938,0.9,1,0,1,39547.3038
1.363923068,0.2,0,0,0,29803.44854
1.350700562,0.2,0,0,0,21188.998
3.502659296,0.6,1,0,0,31056.45158
3.055640707,0.5,0,0,0,37848.39538
3.586590904,0.6,1,0,1,38164.48031
4.25300202,0.7,1,1,1,52972.70572
3.583815026,0.6,1,0,1,41425.59992
2.960348394,0.5,1,1,0,34149.81593
2.268476464,0.4,1,1,1,37595.7329
4.384494742,0.7,0,0,1,47545.46757
1.929917594,0.3,0,0,0,34879.19708
2.504021408,0.4,0,0,0,30972.61784
2.989980785,0.5,0,0,0,39998.42405
3.656135128,0.6,1,0,0,36796.52269
1.704763134,0.3,0,0,1,42221.96454
3.672235867,0.6,1,0,1,39398.94991
3.526121051,0.6,1,0,0,35107.64411
3.565379526,0.6,0,0,1,52308.48052
4.252661673,0.7,0,0,0,39338.75469
3.052282687,0.5,1,0,1,41624.97472
5.70340969,0.9,0,0,0,42554.59873
1.819379144,0.3,0,0,0,27075.29057
2.183365167,0.4,0,0,0,34314.54591
4.728349621,0.8,1,0,0,37425.39922
1.739952628,0.3,0,0,1,35456.06416
4.205949386,0.7,1,0,1,44882.21314
4.125514758,0.7,1,0,0,35538.19637
2.365180525,0.4,0,0,1,41874.9504
4.792600041,0.8,0,0,1,47271.48281
1.813415393,0.3,0,1,0,35742.95385
1.837261854,0.3,1,0,0,21078.13499
3.530223477,0.6,1,0,1,42552.00869
2.377046357,0.4,0,0,0,36819.18012
1.761070448,0.3,1,0,1,33050.85403
3.069347745,0.5,0,0,0,42165.12078
2.963108733,0.5,0,0,0,42791.56465
1.789590821,0.3,0,0,0,31373.38452
2.343533676,0.4,1,0,0,33380.15896
2.420516923,0.4,0,1,1,51132.76332
2.327708824,0.4,0,0,0,42257.81361
1.10061666,0.2,0,0,1,30140.38143
1.911838783,0.3,0,0,0,30991.9169
3.060179426,0.5,0,1,0,41780.98602
1.651885856,0.3,0,0,1,39445.30723
3.455673533,0.6,0,1,1,53902.97787
4.378308772,0.7,1,0,0,32729.05712
2.856287118,0.5,0,0,1,44811.56997
3.63708189,0.6,0,0,0,42542.24637
4.05240085,0.7,0,0,1,47953.50452
2.295806426,0.4,1,0,0,29414.50805
1.841612612,0.3,1,0,1,34156.14752
2.501730378,0.4,1,1,0,30294.79885
5.011778814,0.8,1,0,1,40366.51093
4.245976713,0.7,0,0,0,45928.15144
1.774643381,0.3,1,0,0,24376.99987
2.216838448,0.4,0,0,0,37085.38026
1.658459462,0.3,1,1,0,30913.43691
1.254997278,0.2,0,0,0,30094.80557
2.58773444,0.4,0,0,0,39444.57194
3.64246505,0.6,1,0,1,39043.97325
2.339412424,0.4,1,0,0,31025.51373
4.922352764,0.8,0,0,0,42100.11157
4.292687662,0.7,1,0,1,39479.85966
1.959744646,0.3,1,0,0,26959.89279
4.206516846,0.7,1,1,1,47269.45999
3.01251994,0.5,0,0,1,38798.54926
4.128224961,0.7,0,0,0,47184.78547
1.906198813,0.3,1,0,1,30968.15613
3.114772834,0.5,1,0,0,29749.71028
2.887313406,0.5,0,0,1,43862.95163
2.329219812,0.4,0,0,1,42128.94009
1.752504651,0.3,0,0,1,35489.19998
4.206801504,0.7,0,0,0,44695.30872
1.655044217,0.3,1,0,1,31512.36589
3.001700838,0.5,1,1,1,40974.58253
3.576335322,0.6,0,0,1,50759.92412
2.382081611,0.4,0,1,1,44773.88087
1.718495839,0.3,1,0,0,21496.32153
4.290432289,0.7,0,1,1,58121.18528
2.360105377,0.4,0,0,1,42909.11512
1.832346344,0.3,1,0,0,27305.83092
3.019797394,0.5,0,0,0,38782.8992
3.444505697,0.6,1,0,0,38810.74195
2.376856074,0.4,1,0,0,30551.91285
2.373645061,0.4,1,0,0,21406.39788
5.942563098,1,0,0,0,34730.12016
3.109561701,0.5,1,0,0,31769.28333
2.964938787,0.5,1,0,0,32260.69448
1.719616139,0.3,0,0,1,42501.93116
5.541004279,0.9,1,0,0,33116.18949
2.83489066,0.5,0,0,0,40656.39193
1.128621071,0.2,1,0,1,28410.75059
4.063659163,0.7,0,0,1,47749.57205
3.503869277,0.6,0,1,1,50494.15449
3.037693687,0.5,0,0,0,38785.35715
1.705696166,0.3,0,0,0,28512.59683
3.628482107,0.6,0,0,0,41384.12597
2.7608053,0.5,1,0,1,44258.73664
2.416622547,0.4,0,0,0,39782.67814
3.065302606,0.5,0,0,0,32673.25412
2.91834613,0.5,1,1,0,41807.03402
5.430324495,0.9,1,0,1,38398.87802
2.312717117,0.4,1,0,0,30211.72869
2.453705165,0.4,0,0,1,44693.56464
3.019541892,0.5,0,0,0,45290.02053
1.910369705,0.3,0,0,0,34590.56663
2.394820696,0.4,0,0,0,34899.15731
2.463428169,0.4,0,0,0,37766.01415
2.356169962,0.4,1,0,0,27727.99508
3.243862496,0.5,1,0,1,32408.98118
4.839544015,0.8,1,1,1,44623.18323
1.184009072,0.2,0,0,1,32144.28387
2.419241417,0.4,1,0,0,34599.35503
1.897125677,0.3,0,0,0,30173.97547
2.910398078,0.5,0,1,1,47221.41019
3.466761579,0.6,1,0,1,41710.75568
3.387232425,0.6,1,0,0,39419.08812
1.25666212,0.2,1,0,1,20711.43496
1.170823442,0.2,0,0,0,28889.33791
3.119077299,0.5,1,0,0,27715.54371
3.635383658,0.6,1,0,1,36785.31141
2.91326774,0.5,0,0,1,47724.54184
3.49703219,0.6,0,0,0,42688.60049
4.060894758,0.7,0,0,1,50231.90634
2.528839487,0.4,0,0,0,38171.02143
3.026998033,0.5,0,0,0,42793.26643
3.505046733,0.6,0,1,1,50650.45586
2.941135869,0.5,1,0,1,47759.40434
3.070587429,0.5,1,0,0,35990.53396
5.424065356,0.9,1,1,0,37670.30004
3.537996576,0.6,0,0,0,42438.68566
3.100374954,0.5,0,0,0,35603.8813
1.78558852,0.3,0,0,0,31989.3115
4.930865947,0.8,1,0,0,34101.0616
3.223988052,0.5,1,0,1,37472.56931
3.566417523,0.6,0,0,1,48922.31995
1.624865267,0.3,1,1,0,20040.88448
5.350154913,0.9,1,0,1,43187.85688
2.401579388,0.4,0,0,1,44043.39217
2.369671706,0.4,1,0,0,27085.207
2.326330243,0.4,1,0,0,28290.20175
3.474983262,0.6,0,1,0,43711.58428
2.321390508,0.4,0,1,1,47002.99983
2.943602837,0.5,0,0,0,42695.68945
3.56434195,0.6,0,0,1,47640.04472
1.931741257,0.3,1,0,0,20426.96269
5.27207602,0.9,0,0,1,45195.31039
1.950085551,0.3,0,0,1,36915.05921
2.39743935,0.4,1,0,1,30245.6971
2.44247889,0.4,0,0,0,37705.55964
3.034144933,0.5,1,0,0,32424.22328
1.744440574,0.3,0,1,0,32248.08247
1.80835558,0.3,0,0,0,34188.88271
4.863238154,0.8,1,0,0,40582.18754
1.027811231,0.2,1,0,1,23238.97138
5.209958378,0.9,1,0,0,28000.30905
3.146540999,0.5,0,0,0,41223.52832
1.765493634,0.3,0,0,1,36200.34931
1.863279004,0.3,1,0,0,30413.60593
2.381105013,0.4,1,0,1,30838.79603
2.911401637,0.5,1,1,0,38418.1221
5.395451179,0.9,0,0,0,43970.63085
2.947366188,0.5,1,0,0,28028.42878
4.153323916,0.7,0,0,0,42769.93399
4.201013215,0.7,0,0,0,40974.04322
1.772650794,0.3,0,1,1,41267.14289
1.825102984,0.3,1,0,0,31533.6153
3.101561023,0.5,0,0,1,46787.7121
1.78937269,0.3,1,0,1,27885.21268
2.96837402,0.5,1,0,0,28141.64853
3.636806447,0.6,0,0,1,51345.8714
4.093356532,0.7,0,0,0,35669.11502
2.953456535,0.5,1,0,1,41878.08334
3.109206384,0.5,1,0,1,36598.04678
4.456871915,0.7,0,0,0,44181.28951
4.124320422,0.7,1,0,1,41234.33742
1.651440764,0.3,0,0,0,33301.1722
1.907500304,0.3,0,0,1,37389.68878
1.861507528,0.3,0,1,0,37400.96812
3.03414925,0.5,1,0,0,33117.76056
3.053704794,0.5,1,0,1,39056.87681
4.181794607,0.7,1,0,1,42615.08725
2.890733649,0.5,0,0,0,37043.14809
2.971697758,0.5,0,0,1,47237.51889
5.487020611,0.9,1,1,1,49945.23689
2.055438423,0.3,1,0,0,24810.96627
4.771702561,0.8,0,0,0,37668.78444
2.367170103,0.4,1,0,1,38457.70077
4.426799263,0.7,1,0,0,36917.51211
3.163144572,0.5,0,0,1,48999.88312
3.181331232,0.5,1,0,1,37477.1718
3.593810453,0.6,1,1,0,36467.8513
2.310648572,0.4,1,0,1,33485.23232
1.628440958,0.3,1,0,0,21519.31154
3.499418549,0.6,0,0,0,41785.11984
2.425731058,0.4,1,0,1,33948.38215
4.388886318,0.7,1,1,0,38837.57771
2.353346608,0.4,0,0,0,36684.63864
4.056967802,0.7,0,0,1,54402.52341
3.579521087,0.6,0,0,0,39257.38011
3.577191496,0.6,0,0,0,39816.47084
5.407195298,0.9,1,0,1,40986.06046
4.339429799,0.7,0,0,0,47521.42989
3.512735941,0.6,1,0,0,34161.0965
2.936385274,0.5,1,0,1,40518.87326
2.526957533,0.4,0,0,1,41350.27564
4.31177682,0.7,1,1,1,46832.04899
1.820251981,0.3,1,0,0,17047.52306
1.258184689,0.2,0,1,1,42966.16293
3.493184934,0.6,1,0,1,38721.14838
4.835414805,0.8,0,0,1,51589.45176
2.807173008,0.5,0,0,1,48165.01948
2.814055963,0.5,0,1,0,41968.68781
3.150037593,0.5,0,1,1,47921.61118
2.311514186,0.4,0,0,1,38822.89996
3.522317364,0.6,1,0,0,31838.00577
3.070101128,0.5,0,0,0,42565.81777
1.280483803,0.2,0,0,0,25636.83637
1.056385426,0.2,0,0,0,24935.22898
1.803517785,0.3,0,0,1,38278.18359
3.716159805,0.6,0,0,0,46508.11112
1.848438667,0.3,0,0,0,33332.72748
4.910398981,0.8,0,1,1,54694.06998
2.970546558,0.5,1,0,0,31839.4408
2.879470987,0.5,0,0,0,36561.18188
2.426168407,0.4,1,0,1,33375.54849
1.812524446,0.3,1,0,1,31417.2973
2.623859367,0.4,0,0,0,39096.2893
3.011759197,0.5,1,0,0,33786.35199
5.439370511,0.9,0,0,0,47789.62481
3.719270704,0.6,1,0,1,39973.2286
3.731184385,0.6,1,0,1,40589.52062
3.685658852,0.6,1,1,0,41249.00443
3.57538725,0.6,1,1,1,41232.4002
4.176317377,0.7,0,0,1,49192.0362
3.485808347,0.6,0,1,1,52221.44885
1.731433224,0.3,1,0,1,27479.67146
3.655575547,0.6,0,1,0,44708.69446
3.178275895,0.5,1,0,1,43072.02416
1.301720383,0.2,1,1,1,27828.66373
2.43341502,0.4,0,1,0,42115.03705
4.135600758,0.7,0,0,0,43003.65115
3.542706122,0.6,0,0,1,44761.57694
2.473082396,0.4,1,0,0,27073.88325
3.652305398,0.6,0,0,0,41940.03853
2.986794301,0.5,0,0,0,42538.56323
4.064657542,0.7,0,0,0,46702.62817
4.053713137,0.7,0,1,0,49379.42341
4.798238502,0.8,0,0,0,38392.4112
3.017311419,0.5,0,0,1,44277.37757
2.277518453,0.4,0,0,1,38944.30821
4.175628714,0.7,0,0,0,40182.43835
3.682657064,0.6,1,0,1,40596.34091
3.707068279,0.6,1,0,0,33133.25674
4.098103924,0.7,0,1,1,49204.27706
4.339860999,0.7,1,0,1,38765.24134
4.226431739,0.7,1,0,0,39166.36914
3.585070708,0.6,1,0,1,39665.60519
1.201536815,0.2,0,1,0,23586.42802
1.933873419,0.3,1,0,1,30603.86164
3.000260101,0.5,0,0,1,43713.79855
4.166427702,0.7,0,0,0,43263.33648
1.763903026,0.3,0,1,0,34953.12746
4.858255576,0.8,0,0,0,42405.26829
1.294525639,0.2,0,0,1,26839.21051
2.900996822,0.5,1,0,1,36566.84755
3.100964348,0.5,1,0,1,32442.04134
2.534011943,0.4,0,0,0,35083.39392
2.495323059,0.4,0,0,0,30988.57531
1.829347687,0.3,0,1,0,34517.99723
3.415214576,0.6,0,0,0,38895.53788
2.341849303,0.4,0,0,1,40987.6671
4.179467299,0.7,0,0,0,42058.32945
4.923786321,0.8,0,1,0,47415.63434
1.140543174,0.2,0,0,1,32906.96196
3.476087013,0.6,0,0,1,48293.13378
5.506020858,0.9,0,0,0,44969.99055
3.047366778,0.5,0,1,0,41301.23437
1.798004383,0.3,0,0,0,29419.54258
2.368392052,0.4,0,0,1,40095.40964
2.360250591,0.4,0,0,1,43431.56043
1.84440452,0.3,0,0,0,28144.07815
2.426172198,0.4,1,0,1,40650.07524
2.226997662,0.4,0,1,0,34577.21391
2.818825162,0.5,0,0,0,40103.04696
1.743547631,0.3,0,0,0,31750.40352
1.889574157,0.3,0,0,0,28421.99032
3.512654415,0.6,0,0,1,47526.06799
1.949687756,0.3,1,0,1,30657.39428
3.633176103,0.6,0,0,0,43390.19967
4.210002314,0.7,0,0,0,42348.34986
4.830884172,0.8,1,0,0,36382.22777
4.777668659,0.8,0,0,0,41494.99442
4.123732222,0.7,0,0,1,47029.51341
2.367326231,0.4,0,0,0,36214.24207
3.438581707,0.6,1,1,1,45830.24503
3.528083636,0.6,0,0,0,47060.94255
2.432193579,0.4,1,1,0,32283.58083
5.117217068,0.8,1,0,0,38709.80258
2.250682989,0.4,1,0,1,42208.11889
4.998966863,0.8,1,0,0,34864.50085
1.741081788,0.3,1,0,1,30569.57851
4.335976623,0.7,0,0,1,46427.0604
2.70084893,0.5,0,0,0,33441.25197
3.027534646,0.5,1,0,0,31083.00157
4.912794602,0.8,0,0,1,54960.73768
4.103686543,0.7,1,0,0,35180.2817
2.415150036,0.4,0,0,0,40333.95311
2.286926053,0.4,1,0,1,37607.28704
2.902449477,0.5,1,0,0,32427.58914
2.928217983,0.5,1,0,1,32771.32625
1.692606959,0.3,1,0,1,29514.11668
2.397960146,0.4,0,0,1,44196.07493
2.421255024,0.4,1,0,0,35777.65959
1.913220238,0.3,0,0,0,31900.18391
3.501775586,0.6,0,0,1,48005.70147
1.848318758,0.3,0,0,0,33413.70722
3.955868023,0.7,0,0,0,43798.40126
3.519763228,0.6,1,0,1,41500.91896
3.087377495,0.5,1,0,0,33652.7669
3.546870735,0.6,1,0,0,33686.54275
3.484414806,0.6,0,1,0,44936.26972
3.978568605,0.7,1,0,0,36034.73915
1.947969181,0.3,0,0,0,29526.2144
4.103084456,0.7,1,0,0,40544.9415
2.470191558,0.4,1,1,0,31846.48818
3.667500962,0.6,0,0,0,45490.2573
5.25716902,0.9,0,0,0,42254.91476
3.601630238,0.6,0,0,0,35303.37352
3.05806856,0.5,0,0,0,42954.8518
1.562345011,0.3,1,0,0,20960.42451
1.852012398,0.3,0,0,1,43587.10155
3.739423376,0.6,0,0,0,44367.38258
5.383424744,0.9,0,0,0,40662.76426
2.985711571,0.5,1,1,0,37932.85513
3.636238128,0.6,0,0,0,46253.52874
1.650938977,0.3,0,0,1,38221.58088
1.804822046,0.3,1,0,1,28078.23497
3.104506777,0.5,0,0,0,34987.33042
1.813796328,0.3,0,0,1,37466.59317
1.814438996,0.3,1,0,0,19831.14295
1.727046335,0.3,0,0,0,35271.14519
2.476072535,0.4,0,0,0,34054.63044
3.64297466,0.6,0,1,1,52470.92768
3.499526428,0.6,0,0,1,49669.80412
3.476618249,0.6,1,0,0,34840.73448
4.186894905,0.7,0,0,0,43649.32997
2.954235217,0.5,1,0,1,36132.48807
3.09894116,0.5,1,0,0,32258.90788
1.875566402,0.3,1,0,0,23637.48734
1.769904943,0.3,1,0,0,27945.70798
4.845008465,0.8,1,1,1,40915.58728
3.725271804,0.6,1,1,0,39755.22211
3.015501367,0.5,1,0,0,30496.31229
4.143794918,0.7,1,0,0,32752.72872
4.299526668,0.7,1,0,0,34408.37858
4.771644944,0.8,0,0,0,40440.13714
1.397480358,0.2,1,0,0,21448.51258
4.327611718,0.7,0,0,0,43312.58472
4.966317825,0.8,0,0,1,48934.06388
4.095968191,0.7,0,0,1,51988.11125
3.084237451,0.5,1,0,0,35390.88006
4.830147756,0.8,1,0,0,39805.75629
3.609262528,0.6,0,0,0,43723.35345
3.4918366,0.6,0,0,0,43304.25306
4.797703717,0.8,1,0,1,44011.19368
4.166673019,0.7,1,0,1,44207.05339
2.327307442,0.4,1,0,0,29860.34598
1.789740996,0.3,1,0,0,23444.38678
1.686020155,0.3,1,0,0,19374.70216
1.73650802,0.3,1,1,1,31062.74602
3.500292524,0.6,1,0,0,35848.61068
2.440441703,0.4,0,1,0,38672.80472
1.264049852,0.2,0,0,1,31883.24487
3.669504736,0.6,0,0,0,39203.19054
3.120006412,0.5,0,0,0,37211.01087
3.640007206,0.6,0,1,1,52411.19161
2.470683882,0.4,1,0,0,18922.9341
1.707720844,0.3,0,1,0,33983.6079
1.197432698,0.2,1,0,1,27345.68918
1.29689545,0.2,1,0,0,16787.08214
3.025221684,0.5,0,0,1,47162.31867
3.103539502,0.5,0,1,1,51077.94159
5.353237337,0.9,0,0,1,47741.75547
3.024698898,0.5,1,0,0,37158.44076
1.811387007,0.3,1,1,0,30809.21851
2.364214288,0.4,1,0,1,36014.99999
1.724189568,0.3,1,0,0,17453.87935
3.071337306,0.5,1,0,0,33648.38116
6.01558342,1,0,0,0,40411.37182
1.678479861,0.3,0,0,0,36665.21446
2.477522541,0.4,0,1,0,44300.07916
3.089076118,0.5,0,0,0,37067.37769
3.590054281,0.6,1,0,0,34585.84945
2.883871641,0.5,1,0,1,38287.84513
1.771676037,0.3,1,0,1,35744.89841
1.925214445,0.3,1,0,0,22390.62875
2.916045305,0.5,0,0,1,42442.46308
5.45164106,0.9,1,0,1,48304.7135
1.663154875,0.3,1,1,0,27188.55984
3.165802569,0.5,1,0,1,34331.92965
2.544062915,0.4,1,0,1,35696.48126
3.584397235,0.6,0,0,0,43601.78795
3.005420475,0.5,1,0,0,34472.81285
2.995246456,0.5,1,0,0,31447.72173
5.284977716,0.9,1,0,0,33675.32509
1.89249006,0.3,1,0,0,20609.26222
3.491906857,0.6,0,1,0,50847.20434
1.790682582,0.3,1,1,1,33776.543
2.043262408,0.3,0,1,1,36920.05701
5.275351026,0.9,0,0,1,49377.00652
3.741178873,0.6,1,0,1,42333.94612
4.103582413,0.7,1,0,1,37657.44656
2.513246111,0.4,0,0,0,35489.82564
3.749604652,0.6,0,0,1,42537.70136
5.19268225,0.9,0,0,1,46674.78494
5.990064036,1,1,1,1,41044.96179
3.063138166,0.5,1,0,0,33164.559
3.5036571,0.6,1,0,1,34969.24809
2.982504915,0.5,1,0,1,41072.10456
2.337106958,0.4,1,1,0,30131.75181
3.66930009,0.6,0,0,1,46466.73782
1.342111963,0.2,1,0,1,24534.11368
3.064008985,0.5,0,0,1,41920.97973
1.930070472,0.3,0,0,0,27645.48947
3.626209373,0.6,1,0,1,36795.504
2.920592697,0.5,1,0,1,34690.00727
2.967385308,0.5,1,0,1,31353.00705
4.302082948,0.7,0,0,1,49154.73572
2.373676043,0.4,0,1,1,47236.06002
3.023558378,0.5,1,0,0,34565.84465
1.825004873,0.3,1,0,0,24836.28812
2.454519471,0.4,0,0,0,36087.66327
1.656054393,0.3,1,0,0,30780.25202
1.720671512,0.3,0,0,0,27280.71813
1.162070935,0.2,0,0,1,30569.88665
2.38908241,0.4,1,0,1,40471.60597
4.633138887,0.8,0,1,0,44411.34182
5.49321671,0.9,1,0,0,39225.34304
5.995304141,1,1,1,1,41847.48776
2.813578913,0.5,1,0,0,35841.70073
2.278768379,0.4,1,0,0,29445.5804
1.763168418,0.3,0,1,0,35685.32514
3.803903454,0.6,0,0,0,38272.76157
4.231570852,0.7,0,0,1,48462.16393
4.297044453,0.7,0,1,1,54166.43383
3.728800087,0.6,1,0,0,28361.75138
1.998427095,0.3,0,0,1,40640.07299
4.787268789,0.8,1,0,1,43456.56838
4.095100198,0.7,1,0,0,35858.30341
4.79312875,0.8,1,0,0,40348.13429
4.164631947,0.7,0,1,1,51780.89229
1.299696779,0.2,1,0,0,18683.4042
3.030983956,0.5,1,0,0,33969.74156
1.798115543,0.3,0,0,1,39563.99035
5.470760978,0.9,1,0,0,34655.80609
4.148336173,0.7,1,0,0,39933.98902
4.159283867,0.7,1,0,0,40357.17152
4.854852968,0.8,1,0,0,32871.68112
4.83397755,0.8,0,0,1,49452.79543
3.009913468,0.5,1,0,1,39803.60413
3.607635711,0.6,0,0,1,48334.42672
4.193036852,0.7,1,0,0,38249.69793
6.130922657,1,1,1,1,40418.05543
3.604931703,0.6,1,0,0,34537.24501
3.541566036,0.6,0,0,1,49843.99734
3.63215612,0.6,1,1,1,45042.23466
1.664539567,0.3,0,0,0,30975.2551
4.17868327,0.7,1,0,1,48061.42061
4.303557897,0.7,1,0,0,34199.69024
5.234915548,0.9,1,0,0,37124.33887
4.260771169,0.7,0,0,0,43498.53921
1.086351642,0.2,0,0,0,20512.54281
3.043862208,0.5,0,0,0,44089.80494
2.91163044,0.5,1,0,0,35143.0001
3.74480219,0.6,1,0,0,33879.59661
3.592933841,0.6,0,0,1,53720.0642
4.201755157,0.7,0,0,1,50564.10089
3.593956704,0.6,1,0,1,41302.75447
2.36516562,0.4,1,0,1,38957.84699
5.453400501,0.9,0,0,0,44815.38064
4.832058261,0.8,0,0,1,57071.19834
1.795321108,0.3,1,0,0,23085.07438
3.635331458,0.6,0,0,0,44254.48783
2.279158346,0.4,0,1,0,39794.93852
2.765288125,0.5,1,0,1,34694.17693
1.802278067,0.3,0,0,0,29734.2448
4.291892882,0.7,1,0,1,43027.32046
4.823628923,0.8,1,1,1,47365.86489
3.087699008,0.5,0,0,0,38933.84777
3.162300673,0.5,1,1,0,35797.13118
1.700710667,0.3,1,1,1,35878.50428
3.551534045,0.6,0,0,0,38483.17864
3.599379133,0.6,1,0,0,39179.74437
3.55242163,0.6,1,0,0,37229.23817
4.209094366,0.7,1,0,0,36526.92756
2.383067964,0.4,1,0,1,38442.7235
2.498619656,0.4,1,0,1,36171.76709
3.597612667,0.6,1,0,1,36957.59873
3.646294769,0.6,1,0,1,39007.01023
3.074231193,0.5,0,0,0,38583.19307
1.846902963,0.3,1,0,1,30018.93598
1.694820733,0.3,0,1,1,40292.28116
2.436062198,0.4,0,1,0,40853.74057
3.739058952,0.6,1,0,0,34751.50342
4.691169909,0.8,0,0,0,42929.93863
3.059372374,0.5,1,0,1,38867.80734
5.839761999,0.977604767,1,1,0,31479.22837
1.806004885,0.3,0,0,1,34983.79333
2.473512152,0.4,1,0,1,33448.96365
3.022754869,0.5,1,0,1,37958.90868
3.021429783,0.5,0,0,0,38094.88772
2.412375339,0.4,0,1,0,41170.47561
5.446894015,0.9,1,0,1,41176.88836
2.940903635,0.5,1,0,1,29573.39983
1.684992652,0.3,0,0,0,32749.96115
3.06979702,0.5,1,1,0,33911.45811
2.99710585,0.5,0,1,1,51825.46851
2.592356291,0.4,1,0,0,27822.01024
2.408248087,0.4,0,0,1,50554.70068
4.143827402,0.7,0,0,1,52941.63699
3.60003836,0.6,1,0,0,34934.0251
1.649088536,0.3,1,0,1,32522.66451
2.459068149,0.4,0,0,0,37715.36061
3.585007783,0.6,0,0,0,32225.43553
4.777817884,0.8,1,1,0,38698.46164
4.160832076,0.7,1,0,0,43765.23213
1.815684514,0.3,1,0,0,23481.58114
4.330650202,0.7,1,0,1,48888.33943
2.324317576,0.4,1,0,1,39955.70188
4.268965672,0.7,1,0,1,40878.1002
1.862354173,0.3,1,1,1,29098.14735
2.388803285,0.4,1,0,0,28128.16238
3.681242273,0.6,1,0,1,37703.47212
4.292391533,0.7,0,0,1,52361.03638
5.363818404,0.9,1,0,1,40798.36234
4.317475422,0.7,0,0,0,50558.78286
1.719081201,0.3,1,0,1,27442.72129
2.93401918,0.5,1,0,0,37038.3787
1.812204173,0.3,0,0,0,32432.87285
3.521348627,0.6,1,0,1,38032.86866
2.854750218,0.5,0,0,1,45994.33401
4.126415154,0.7,1,0,0,31382.06414
1.925289448,0.3,1,0,1,32811.4061
4.955949792,0.8,1,0,1,48353.58905
3.585302389,0.6,0,0,0,42652.83942
2.339880944,0.4,0,0,1,47568.61109
3.037910358,0.5,0,0,0,38783.19805
4.215935675,0.7,1,0,0,37130.45883
4.755891823,0.8,1,0,0,37411.23625
5.395045831,0.9,1,1,1,41408.9187
2.952055766,0.5,0,0,1,51665.17424
2.865333895,0.5,1,0,1,34033.8421
3.120631789,0.5,1,1,0,44099.73325
2.915622042,0.5,1,0,0,33519.39496
1.998725611,0.3,1,0,1,32965.18402
5.72331569,0.964546149,1,0,0,34806.81893
2.952286473,0.5,1,0,1,41386.36256
4.892347955,0.8,1,0,0,31517.27629
3.599000658,0.6,1,0,0,37575.17738
1.259229378,0.2,1,0,0,19488.43838
3.584698505,0.6,0,0,1,46964.48194
2.810592922,0.5,0,1,1,57747.49927
2.988503216,0.5,0,1,1,47228.59094
1.262938537,0.2,1,0,0,19972.32848
3.04567706,0.5,0,0,1,48085.77647
2.276422451,0.4,0,0,1,36298.70014
6.045240915,1,0,1,0,43796.57823
2.497987775,0.4,1,0,0,32653.95398
3.442813897,0.6,1,0,1,41678.22084
4.174726068,0.7,1,0,0,38615.34622
4.327882893,0.7,0,0,0,46810.32212
2.420743588,0.4,1,1,0,33570.47516
2.242359825,0.4,1,1,0,28400.51894
2.33629211,0.4,1,0,1,36332.928
4.048174247,0.7,1,0,1,40181.4799
3.741050454,0.6,1,0,1,39180.9582
2.46043911,0.4,0,0,0,37775.68092
5.924894149,0.97974876,0,0,0,39900.42195
3.590073068,0.6,1,0,1,41980.29907
3.620235459,0.6,0,0,1,49968.35925
4.174779168,0.7,0,1,0,46754.1243
1.739424785,0.3,0,0,0,35333.97027
2.407317816,0.4,1,0,0,25599.37996
1.775325339,0.3,1,0,0,24613.65371
1.124770315,0.2,0,1,0,33747.57055
3.567573551,0.6,1,0,0,39435.21694
2.307033733,0.4,0,1,1,50386.97275
4.179209257,0.7,1,0,0,36125.27638
3.130898808,0.5,0,0,1,53977.10498
2.379949591,0.4,1,0,1,38321.78854
3.585295549,0.6,0,0,0,38182.42848
1.742958969,0.3,1,0,1,36649.79813
1.74013325,0.3,0,0,0,31028.44191
2.219837243,0.4,0,0,1,38753.26757
3.435252378,0.6,0,0,1,47147.87989
3.525525333,0.6,0,0,0,45294.56253
2.388477653,0.4,1,0,0,30298.76651
3.424627024,0.6,0,0,0,44063.58515
2.387681385,0.4,0,0,0,41247.64315
3.207400122,0.5,1,0,1,40609.17189
2.873840384,0.5,1,0,0,35242.79374
3.720619964,0.6,1,1,0,32714.05188
1.800391613,0.3,0,1,0,32478.83894
4.649393011,0.8,0,0,1,49743.61413
3.600544739,0.6,1,1,0,34780.91475
1.80440166,0.3,0,0,0,31457.13432
4.318656805,0.7,0,0,1,45436.52673
5.495561133,0.9,0,0,0,42178.19907
5.906898814,1,0,0,0,39643.66538
1.928377957,0.3,0,0,0,29624.13688
3.029983716,0.5,0,0,0,40776.47483
3.68350213,0.6,1,0,0,36502.72423
3.061391558,0.5,0,0,1,46713.12199
1.873017647,0.3,1,0,1,28929.01839
4.742072636,0.8,1,1,1,45523.34532
2.317563525,0.4,1,0,1,35965.032
5.018278049,0.8,0,0,1,45898.18225
3.692053544,0.6,1,1,0,35680.32857
2.369565517,0.4,0,0,1,47353.07263
3.079680532,0.5,1,0,1,39613.43278
1.261353871,0.2,1,0,0,22095.14453
1.928687377,0.3,0,0,0,29429.95307
4.777389451,0.8,1,0,1,43566.8131
2.542888277,0.4,0,0,0,30870.18103
3.401811557,0.6,0,0,1,50201.37353
4.841125535,0.8,0,1,0,45018.85335
1.773798652,0.3,0,0,1,36711.30527
1.871296569,0.3,0,0,1,40958.24766
1.753530991,0.3,1,0,1,34573.86141
3.680134289,0.6,1,0,0,33078.1388
2.397752637,0.4,1,0,1,28235.11198
1.873994796,0.3,0,0,0,27228.68795
1.805755574,0.3,1,0,0,23189.54195
2.75700266,0.5,0,0,1,47443.9549
1.915714816,0.3,0,0,0,40497.98049
2.951204595,0.5,0,0,0,43354.4936
3.599686291,0.6,1,1,1,46152.14904
4.757598991,0.8,1,1,1,49243.75502
3.270064103,0.5,0,0,1,44169.70525
2.953639023,0.5,1,0,0,30874.71084
2.486253866,0.4,1,1,1,36709.93503
3.570649021,0.6,0,0,0,38252.45817
4.348416256,0.7,0,0,0,45212.25042
1.877826023,0.3,0,0,0,32310.13594
1.798482576,0.3,1,0,1,31311.84526
1.665838259,0.3,1,1,0,26222.16917
5.46623718,0.9,1,0,0,32383.58604
3.738845107,0.6,1,1,0,40193.40462
2.99669055,0.5,1,0,0,31803.31923
3.63822383,0.6,1,0,0,28605.45652
4.742632568,0.8,1,0,0,35145.44509
4.224627744,0.7,1,0,1,43045.99865
3.638370906,0.6,0,0,1,45403.7329
1.684828356,0.3,1,1,0,31320.60366
2.894246986,0.5,0,0,1,47016.87216
1.174225073,0.2,0,1,1,33467.93081
3.027243033,0.5,0,0,0,42202.44338
3.016571121,0.5,1,0,0,32947.38627
3.528192149,0.6,0,0,0,44159.0737
5.359286826,0.9,1,0,0,37399.21084
3.018327703,0.5,1,0,1,38390.23119
3.725885589,0.6,1,0,0,39722.76628
4.072650216,0.7,0,0,1,48656.42074
5.398852914,0.9,1,1,1,42639.60577
1.72698267,0.3,0,0,0,31712.06757
3.523531111,0.6,1,0,0,32505.61748
1.847119622,0.3,0,1,0,37816.87839
3.455506312,0.6,0,0,0,43308.88495
3.531733133,0.6,0,0,0,45259.64016
2.843825031,0.5,0,0,0,39462.75093
1.986511323,0.3,0,0,0,31894.63597
3.518878091,0.6,0,0,0,36957.92632
1.815658245,0.3,1,0,0,23354.00892
2.907763761,0.5,0,0,0,38650.90766
3.147098416,0.5,0,0,0,37324.93238
3.075961802,0.5,0,0,0,38426.85274
2.247000305,0.4,0,0,0,34368.27107
2.528885541,0.4,1,0,1,33296.73814
1.947927492,0.3,1,0,0,23939.7508
3.389315717,0.5,1,0,1,35956.72901
1.073716259,0.2,0,0,0,25122.09657
3.89542102,0.7,0,1,1,54945.62595
4.898765062,0.8,1,0,0,37805.64599
2.319623563,0.4,0,0,1,43051.40035
1.799081085,0.3,0,1,0,35289.66892
3.727343618,0.6,0,1,0,44580.93232
3.589076068,0.6,1,0,1,43526.41745
4.827995643,0.8,0,0,0,46514.31068
1.753336545,0.3,1,0,1,28016.12586
3.091438286,0.5,0,0,1,45996.18753
1.657205262,0.3,0,0,1,41393.6151
5.257188918,0.9,0,1,0,45530.40411
3.655473509,0.6,1,0,0,32795.45691
4.814158456,0.8,1,0,0,35552.27887
3.084383423,0.5,0,0,0,38571.06674
1.570329008,0.3,1,0,0,21003.75762
4.810149321,0.8,1,0,1,43372.3297
1.879409064,0.3,0,0,0,32628.62621
3.541833166,0.6,0,0,1,54329.48865
4.485729257,0.7,0,0,1,47277.75235
4.213365087,0.7,0,0,0,44588.28718
1.754724274,0.3,0,1,0,32868.81086
3.704482795,0.6,0,1,0,43956.77242
3.518817131,0.6,1,0,1,40865.96842
2.963731808,0.5,0,0,0,45770.47197
1.840706736,0.3,0,0,1,41792.81787
3.982305358,0.7,0,0,0,46206.71891
1.092111565,0.2,1,0,0,18685.18554
4.030582702,0.7,0,0,0,41450.59741
2.312488674,0.4,0,0,0,34354.55235
3.104524769,0.5,0,0,0,42426.29173
4.118320885,0.7,0,1,0,51044.72251
2.413010915,0.4,0,0,1,42465.02963
3.571770472,0.6,1,0,1,46849.20629
3.147922808,0.5,1,0,1,32222.71684
2.403503381,0.4,1,0,0,24312.76338
4.214746569,0.7,1,0,0,36248.93007
1.663211016,0.3,1,0,0,16047.40313
5.474748576,0.9,1,0,0,35921.97636
4.201338362,0.7,0,0,0,42426.02064
2.844712805,0.5,0,1,0,44695.63932
1.816808576,0.3,0,1,1,38154.56469
3.508977977,0.6,0,0,0,39573.34946
1.792194094,0.3,1,0,1,34218.15874
1.821886495,0.3,1,1,0,33113.52182
2.987177945,0.5,0,0,0,39451.10111
1.067801983,0.2,0,1,0,25497.64848
2.482216147,0.4,0,0,0,32477.3895
2.404959226,0.4,1,0,1,39054.90486
1.821641055,0.3,1,0,1,28861.72357
4.798788465,0.8,0,0,0,41120.39358
4.232815371,0.7,0,0,1,46997.25636
4.315028192,0.7,0,0,1,51100.524
3.221015959,0.5,1,0,0,35234.00325
2.959649293,0.5,0,0,1,45669.94106
2.320502076,0.4,0,0,1,37532.12568
3.719024798,0.6,1,0,1,37491.90281
3.627923653,0.6,1,0,0,34227.37911
2.528414915,0.4,0,0,0,36762.9976
2.978287426,0.5,0,1,1,57488.80079
3.554573529,0.6,0,0,1,52499.99223
3.145181375,0.5,0,1,0,44378.43665
3.274034457,0.5,0,0,0,40082.90869
4.784188109,0.8,0,0,1,51550.52871
3.09477168,0.5,0,0,0,40788.38552
3.538216852,0.6,1,0,0,32317.40132
2.098745766,0.4,1,0,0,28622.9068
2.440798214,0.4,0,0,0,38490.9128
4.165199948,0.7,0,0,0,47201.20514
4.142085959,0.7,1,0,0,36912.47657
2.369320891,0.4,0,0,0,35264.71199
5.037207861,0.8,1,0,0,40201.47057
4.296502898,0.7,0,0,1,45311.70641
2.815596649,0.5,0,0,0,38492.92781
1.700415965,0.3,0,1,0,33386.05613
1.597077999,0.3,1,0,0,25608.08017
1.82930504,0.3,0,0,0,35591.4059
4.185123499,0.7,0,0,0,46633.91482
3.566799855,0.6,0,0,1,52966.61024
2.948328529,0.5,0,0,0,42401.41513
6.060469346,0.980196117,0,1,0,39664.21082
2.497284049,0.4,0,1,1,44082.52319
4.258173504,0.7,1,0,1,37124.33667
2.360314161,0.4,1,0,1,36209.49648
4.380001501,0.7,0,0,1,48068.1504
3.11929901,0.5,0,0,1,46121.98333
4.261083854,0.7,1,0,1,39221.76401
1.191519373,0.2,1,0,1,29310.47774
3.426382657,0.6,1,0,0,37409.85769
1.231983137,0.2,1,0,0,18994.36877
3.091084743,0.5,1,0,1,37467.982
5.882599495,1,1,0,0,40324.56079
2.791892994,0.5,0,0,0,41153.06504
3.203986878,0.5,1,1,1,44176.2306
1.191815437,0.2,1,0,1,26280.10101
1.073791381,0.2,1,1,1,27959.46536
2.395827239,0.4,1,0,1,31008.15308
1.520730255,0.2,0,0,0,25436.65398
2.878589765,0.5,1,0,0,34233.33872
3.56937229,0.6,1,0,0,34512.05932
3.566897601,0.6,1,0,0,32549.54572
2.865912073,0.5,0,0,1,50732.19569
2.920242057,0.5,0,0,1,46360.78738
1.687747423,0.3,1,1,0,30876.56876
3.039036508,0.5,1,0,1,43789.51359
5.40851596,0.9,1,0,1,45383.46922
1.81151606,0.3,1,0,1,27404.734
1.152534105,0.2,1,0,1,24006.79841
2.508266502,0.4,0,1,1,49413.87126
3.001893264,0.5,1,0,0,29972.44871
4.290509461,0.7,0,0,1,46448.43805
3.617909976,0.6,1,0,0,30832.19222
2.996030377,0.5,1,0,1,37279.11712
3.599702832,0.6,1,0,1,42588.02056
3.079578064,0.5,0,1,0,40236.53076
3.591147931,0.6,0,0,0,40123.29244
4.7403267,0.8,1,0,0,34151.4669
1.843982792,0.3,1,0,1,29706.62319
2.45936266,0.4,1,0,1,37120.30036
1.787699633,0.3,0,0,0,34455.77933
5.886065686,0.971764307,0,0,0,35431.48905
1.784258785,0.3,1,0,1,31719.47009
1.840393259,0.3,1,0,0,32736.51026
3.056034043,0.5,1,0,0,30635.75346
2.43590603,0.4,0,1,1,49231.89154
4.201636119,0.7,0,0,0,45426.13005
3.68092423,0.6,1,1,1,39323.69097
4.150464129,0.7,1,0,0,32812.88178
2.982629364,0.5,1,0,0,34725.32363
4.342227696,0.7,0,0,1,47819.20975
1.30268435,0.2,1,0,0,14649.91697
1.18402071,0.2,0,0,0,28650.01061
4.782890961,0.8,1,0,0,37791.77501
2.935938812,0.5,0,0,0,38652.04394
3.679572905,0.6,0,1,1,51995.66317
3.115580489,0.5,0,0,1,44248.46888
2.704331114,0.5,1,0,1,38165.18131
1.71029282,0.3,1,0,1,31599.83172
4.363176595,0.7,0,0,0,46542.58188
4.954304475,0.8,1,0,0,37653.64972
2.950911758,0.5,1,0,0,31733.05885
4.557836415,0.8,1,0,0,35677.8223
2.964446985,0.5,0,0,1,51779.04759
4.109090293,0.7,1,0,0,34066.60971
5.206263229,0.9,0,0,0,43301.84232
2.469364158,0.4,1,0,0,29439.07283
3.441035781,0.6,1,0,1,44844.78616
1.724169286,0.3,0,0,1,34986.96442
1.140030316,0.2,1,0,0,12276.97861
4.222171742,0.7,1,0,1,41008.099
3.004059259,0.5,1,0,0,34829.65778
3.162606,0.5,0,0,0,39723.72363
4.085496234,0.7,1,0,0,34757.17317
3.548578283,0.6,1,0,0,37717.41744
2.939961823,0.5,1,0,1,36864.82171
4.307396943,0.7,0,0,1,53514.18878
4.545529773,0.8,0,0,1,51734.16715
1.255152416,0.2,1,0,0,17571.87767
2.915648318,0.5,0,1,0,46192.27186
2.931945231,0.5,1,0,0,34511.37379
4.279680995,0.7,1,0,0,38678.04972
2.44947554,0.4,1,0,1,34820.36846
3.043783658,0.5,0,1,1,51150.57092
3.133230955,0.5,1,0,1,34044.26728
3.104586354,0.5,0,0,1,47379.12399
3.582236049,0.6,0,0,1,54453.96534
3.43821943,0.6,1,0,1,40977.23002
2.980302682,0.5,1,0,0,34533.44658
4.242539525,0.7,1,0,0,39366.40381
1.797153675,0.3,1,0,1,31852.71918
3.723303908,0.6,1,0,0,34957.27512
4.565031318,0.8,0,0,0,42354.01601
4.26699753,0.7,0,0,0,46144.71424
3.612861582,0.6,0,1,0,48536.52285
2.910004747,0.5,1,0,0,31443.0669
2.390687028,0.4,1,0,1,34301.2494
1.610959073,0.3,1,0,1,27615.99603
3.776633357,0.6,0,0,1,49616.55852
1.816654315,0.3,1,0,0,25829.96379
5.16968456,0.9,0,0,0,39328.19191
4.216306529,0.7,0,0,0,44371.86125
2.984180686,0.5,1,0,0,35919.99078
3.626084272,0.6,0,0,1,50178.7498
2.508832286,0.4,0,0,0,30874.63077
4.217305774,0.7,0,0,1,55747.74826
2.393637735,0.4,1,1,0,28505.76972
5.740000826,0.955095815,1,0,1,38331.41694
2.298566935,0.4,1,1,0,29134.66295
4.800662952,0.8,1,0,0,37811.08269
3.190047559,0.5,1,0,1,42885.01203
1.868829508,0.3,0,0,1,37004.9917
1.849900978,0.3,0,0,0,36854.31281
4.140498789,0.7,1,0,0,31938.5755
4.292045049,0.7,1,0,0,35783.9649
4.950982222,0.8,0,0,1,53019.26101
4.815778364,0.8,1,0,0,38868.27806
4.260262087,0.7,1,1,0,40191.14613
2.341308945,0.4,1,0,0,27322.96079
2.321670181,0.4,1,0,1,34783.61408
3.05158842,0.5,0,0,1,44326.36423
1.853404203,0.3,1,0,0,23151.05815
4.797583597,0.8,1,0,0,34429.78033
1.321023576,0.2,0,0,1,27113.24265
3.071920498,0.5,0,0,0,42103.05679
2.354547607,0.4,0,0,1,41652.92495
3.722690828,0.6,0,0,1,53283.46021
4.376724873,0.7,1,0,0,33055.53522
2.906556092,0.5,1,0,0,31032.28344
1.022151456,0.2,1,0,1,23540.75283
1.648639311,0.3,0,0,1,37155.48197
2.461341805,0.4,1,1,0,26866.18721
2.983593945,0.5,0,1,0,46325.90473
3.1186985,0.5,1,0,1,37400.3703
3.580395867,0.6,0,0,0,44468.7391
4.091092747,0.7,1,0,1,39013.72848
2.512520327,0.4,1,0,0,33499.5953
2.924211469,0.5,1,0,0,30592.59427
3.730132532,0.6,0,0,1,52315.91535
2.427863135,0.4,0,1,0,36261.07777
1.058197827,0.2,1,1,0,21807.89525
1.813186741,0.3,0,0,0,29896.34901
2.257628692,0.4,0,0,0,35438.01823
1.727576689,0.3,0,0,0,35299.81827
4.863180698,0.8,0,0,0,43440.16654
2.422387386,0.4,0,0,0,38392.78877
3.063916428,0.5,1,1,0,30259.14754
2.330168926,0.4,0,1,1,45331.37054
3.625327286,0.6,1,1,1,48524.20221
2.540562808,0.4,0,0,1,44005.47332
1.61715664,0.3,1,0,0,24139.26668
3.082534769,0.5,1,0,0,33109.503
3.117842929,0.5,1,0,0,33248.34777
5.247426201,0.9,0,0,1,46449.31708
1.180373949,0.2,0,1,1,37453.46676
3.512756862,0.6,0,0,0,47058.44883
3.49062927,0.6,0,0,1,51302.00266
1.822504489,0.3,0,0,1,37906.73679
3.675201752,0.6,0,0,1,44154.27149
2.443241699,0.4,1,0,0,22303.00878
3.087217303,0.5,0,0,1,42303.31994
2.331930472,0.4,0,0,0,40591.23923
4.130599853,0.7,1,0,1,37264.5563
2.991916388,0.5,0,0,0,42737.34543
2.510318505,0.4,1,0,0,29066.71709
3.174568329,0.5,0,0,0,40671.15031
1.579515762,0.3,0,0,0,33698.33417
2.41795533,0.4,0,0,0,39140.91631
4.210901344,0.7,1,0,0,32013.02714
4.276555182,0.7,0,1,0,47148.47597
1.857568313,0.3,1,0,0,20148.20176
2.896643733,0.5,0,1,0,44576.72279
3.037544046,0.5,0,0,0,41710.34669
1.793409825,0.3,0,0,0,31795.79944
4.172869842,0.7,1,0,0,37477.50195
3.142753806,0.5,1,0,0,32806.68893
2.896989907,0.5,0,0,0,39761.18824
2.338874312,0.4,1,0,1,32282.34753
5.377980187,0.9,1,0,0,36523.56908
2.943690333,0.5,0,0,0,45510.48827
1.848056566,0.3,1,0,0,23465.35871
1.791891214,0.3,1,0,1,28849.31279
1.221547387,0.2,1,0,0,23873.61182
2.507209396,0.4,1,0,0,26015.73719
2.951102539,0.5,0,1,0,48076.98048
1.785667261,0.3,0,1,0,35783.34368
1.907051793,0.3,0,0,1,34326.70534
2.973401866,0.5,1,0,1,39051.54339
3.39560376,0.6,0,1,0,44655.637
3.71123639,0.6,0,0,1,51169.05454
1.796398755,0.3,0,1,0,37118.8484
4.328013904,0.7,1,0,0,34203.83001
3.526854038,0.6,0,0,0,39915.03961
4.261646401,0.7,0,0,0,35588.53044
2.293333834,0.4,1,0,0,29394.26899
3.15729468,0.5,0,0,0,41398.47767
4.094817914,0.7,0,0,0,45110.7264
4.86127132,0.8,0,1,0,49423.87414
2.39359161,0.4,0,0,0,34017.61191
3.639805995,0.6,1,0,1,39724.52439
5.573125907,0.9,0,0,0,41882.99456
2.934994333,0.5,1,0,1,40130.47931
2.201098065,0.4,0,0,0,41996.65581
4.267674953,0.7,0,1,1,48763.77442
4.255608827,0.7,0,0,1,52972.00899
1.168061507,0.2,0,1,1,41280.7651
2.800763602,0.5,1,0,1,38015.17216
3.563172848,0.6,0,0,1,53049.42666
3.420009474,0.6,0,0,1,47201.18026
2.328432091,0.4,1,1,0,35876.69363
3.511766747,0.6,1,0,0,34393.84906
3.652533037,0.6,1,0,0,32083.46158
1.944007897,0.3,0,0,0,33323.52213
3.832262039,0.6,0,0,0,43105.66183
4.070222609,0.7,0,0,0,40299.29865
1.810019047,0.3,0,0,0,32441.26351
3.423623037,0.6,0,0,0,43228.64225
3.090288226,0.5,0,0,0,40618.00747
2.370654631,0.4,1,0,1,32215.75078
3.649400878,0.6,1,1,0,38805.89127
3.594267106,0.6,0,0,1,49860.38657
2.461396651,0.4,0,0,0,31574.90551
4.933596455,0.8,0,1,1,51590.42665
1.733177944,0.3,1,0,1,32576.78453
3.206256056,0.5,1,0,0,30287.62121
1.77141772,0.3,1,0,0,29210.39846
3.586425598,0.6,0,0,1,46716.12346
4.190385334,0.7,1,0,0,39366.79842
1.915126174,0.3,1,0,0,20215.90123
2.907722095,0.5,1,0,1,38830.16138
3.762647255,0.6,1,1,1,43835.05591
1.669086391,0.3,0,0,0,33462.65705
2.085494441,0.4,1,1,0,28624.42687
3.001221683,0.5,1,0,1,39181.61317
3.550866659,0.6,0,0,0,42968.0086
2.966151105,0.5,1,0,0,34500.74328
3.790420624,0.6,1,0,1,44301.92973
2.386498635,0.4,1,0,1,36550.24272
3.61175939,0.6,0,0,0,39411.20177
2.349209661,0.4,1,1,0,32862.28793
4.895534786,0.8,1,0,1,42937.40392
1.81768626,0.3,0,0,0,35002.9744
4.181299631,0.7,0,0,1,46109.58171
1.879678634,0.3,1,0,1,31906.39097
4.177532597,0.7,1,0,0,37349.44587
3.430962928,0.6,1,0,1,40366.30379
2.453430505,0.4,1,0,1,32439.25605
3.795543213,0.6,1,0,0,34312.56501
3.756840222,0.6,0,1,0,42202.47014
4.738471192,0.8,1,0,0,29091.05555
2.231335887,0.4,0,0,1,36469.495
4.729673136,0.8,0,0,1,47841.64579
3.731261702,0.6,1,0,0,31621.85714
3.087151074,0.5,1,0,1,33641.12976
2.992684846,0.5,0,0,1,45804.67084
3.358811946,0.6,0,0,0,43684.10457
3.472424462,0.6,0,1,1,51996.99746
3.525400884,0.6,1,1,0,39467.02397
3.62022611,0.6,0,0,0,41047.22574
4.305220608,0.7,0,1,0,48214.30549
3.029886674,0.5,0,0,0,39254.85612
2.931812964,0.5,0,1,1,46635.12201
4.24037735,0.7,0,0,0,47019.18448
3.648420905,0.6,1,0,0,34167.34156
3.513863397,0.6,1,0,0,32122.90564
4.106667338,0.7,0,0,0,37689.59369
3.596696615,0.6,1,0,0,37939.34919
2.27285069,0.4,0,1,0,46759.25266
5.444749276,0.9,1,0,0,35340.2092
2.257233426,0.4,1,0,0,30443.32775
2.312436944,0.4,0,1,0,41625.49857
2.364109391,0.4,1,0,1,36177.99339
3.01045307,0.5,0,0,0,45866.45024
3.694227751,0.6,0,0,0,44277.41534
3.604239867,0.6,0,0,0,42073.57726
1.824167068,0.3,1,1,1,36234.92496
2.939532219,0.5,0,0,0,33901.49282
1.921819534,0.3,0,0,1,32612.63541
1.793797181,0.3,1,0,0,22238.38843
1.949941089,0.3,1,0,1,29816.09822
2.308002839,0.4,1,0,0,31616.94765
3.158410493,0.5,0,0,0,33175.50913
1.246291523,0.2,1,0,1,28527.29083
3.606206886,0.6,1,0,1,38210.21623
3.067660454,0.5,1,0,0,37584.50941
3.045820051,0.5,1,1,0,36562.30705
1.358442184,0.2,1,1,0,23472.03967
1.882308212,0.3,1,0,1,33566.58649
3.140710842,0.5,1,0,1,36892.45689
1.913522279,0.3,0,0,1,35281.80613
2.536050539,0.4,1,0,0,35308.551
1.201863194,0.2,0,0,0,29529.97054
3.031508042,0.5,0,0,1,47298.1315
3.067299315,0.5,0,0,0,39554.23419
1.982830146,0.3,0,0,1,35808.24328
2.363930856,0.4,0,1,0,34647.17618
4.260354062,0.7,0,0,0,41971.04954
1.198806838,0.2,0,1,1,36745.52125
1.855239232,0.3,1,1,0,31595.07486
2.266572874,0.4,0,0,0,32177.77487
3.45900956,0.6,1,0,0,39500.78671
4.918867997,0.8,1,0,0,42715.70699
1.808042532,0.3,1,0,0,20935.89339
4.096312464,0.7,1,1,1,41273.29427
2.969904199,0.5,0,1,1,50120.30753
1.679471994,0.3,1,0,0,27964.49833
2.829762801,0.5,0,0,0,42781.17131
1.78159217,0.3,1,0,0,22864.18599
1.718524115,0.3,1,0,0,23048.56523
4.869638057,0.8,1,0,0,37896.63845
2.443527927,0.4,0,0,0,37596.59342
3.534243696,0.6,0,0,0,43990.50139
3.563560145,0.6,1,0,1,37666.22327
4.208430752,0.7,1,0,0,34431.76483
2.876864642,0.5,0,1,1,45488.50339
2.375550666,0.4,0,0,1,40540.44238
1.202555136,0.2,1,0,0,18235.83977
2.999229493,0.5,0,0,1,44242.42605
2.828722792,0.5,0,0,0,37696.7603
1.885178975,0.3,1,0,0,23619.12671
3.059924757,0.5,1,0,0,34083.13066
1.369691969,0.2,1,0,0,22422.86606
3.04049598,0.5,1,0,1,40108.76021
3.044384346,0.5,0,0,0,38354.05915
1.198782122,0.2,1,1,0,19932.46995
3.164511901,0.5,0,0,1,47319.01088
2.494764734,0.4,0,0,0,34022.37675
1.604921409,0.3,1,0,1,24587.42613
3.556763015,0.6,1,0,0,36151.524
3.66248055,0.6,1,0,0,34370.50543
5.475611789,0.9,0,0,0,44547.12437
3.458960983,0.6,1,0,0,38578.6034
1.696287118,0.3,1,0,0,20090.28083
4.260940207,0.7,0,0,1,54117.73575
2.868982433,0.5,1,1,1,40544.35742
2.942430733,0.5,0,1,0,47758.60644
1.196383356,0.2,0,0,1,23773.81306
4.171114884,0.7,0,0,0,48068.62288
4.295180889,0.7,1,0,1,41897.33564
2.982936109,0.5,1,0,1,33871.22893
4.187334485,0.7,0,0,0,43945.96974
4.018181621,0.7,0,0,0,45595.07206
3.027351448,0.5,1,0,1,37797.86733
1.92890934,0.3,0,0,0,26443.1118
2.802132018,0.5,1,0,1,39407.02007
4.246106775,0.7,0,1,1,50020.40778
1.814999184,0.3,1,1,0,32777.32183
4.872208704,0.8,0,0,0,43516.39481
1.718695339,0.3,1,0,0,21067.53351
2.325212349,0.4,1,0,0,30493.55094
5.466031693,0.9,0,0,0,45676.81423
3.638335596,0.6,0,0,0,41637.45384
3.625169773,0.6,1,0,0,35599.43942
4.240426667,0.7,0,0,0,42255.92077
4.992819489,0.8,1,0,1,37843.9628
4.752530631,0.8,0,0,1,53716.87321
3.027187707,0.5,0,0,1,48901.3514
4.119360352,0.7,1,0,0,40646.20877
3.664905345,0.6,0,0,0,40273.78503
4.216026583,0.7,0,0,0,41472.9514
3.134001222,0.5,0,0,1,52767.54351
3.100756646,0.5,1,0,0,36729.83145
2.36083264,0.4,0,1,0,40574.88875
5.482530915,0.9,0,0,1,51672.5912
3.009584715,0.5,0,0,1,50142.39532
4.057263178,0.7,0,0,0,45218.70708
2.952683996,0.5,1,0,1,33492.15201
3.670417766,0.6,0,1,0,44932.38745
3.423701793,0.6,0,0,0,42074.8986
2.30113954,0.4,1,0,0,30421.49829
1.893842033,0.3,0,0,0,35074.95302
5.490775664,0.9,1,0,0,37247.68932
2.556277232,0.4,0,0,1,38714.4439
3.100373893,0.5,1,0,0,34160.43648
4.262807434,0.7,1,0,1,41174.18407
4.358419821,0.7,1,0,1,48997.50385
4.895500044,0.8,0,0,0,36683.47357
2.463118746,0.4,0,0,0,36712.57664
2.024748565,0.3,1,0,0,23122.54141
1.729974746,0.3,0,1,0,38584.7957
4.08761498,0.7,1,1,1,43807.07399
3.578302053,0.6,0,0,1,43285.79103
1.82608225,0.3,0,0,0,28843.09177
2.931754023,0.5,1,0,1,35337.37865
1.030652658,0.2,0,0,0,22872.83784
3.416599943,0.6,1,0,0,36130.86233
3.122240591,0.5,0,0,0,41964.04529
1.356851519,0.2,1,0,0,18522.95525
3.070106268,0.5,1,1,1,45111.204
2.236140626,0.4,0,0,1,38870.6928
3.483393754,0.6,1,0,0,31312.19773
2.426822081,0.4,1,0,1,34194.11463
1.857791619,0.3,0,0,0,32225.05493
2.901287476,0.5,0,1,1,48223.71992
3.154155855,0.5,1,1,0,45848.3834
2.397238812,0.4,0,1,0,36036.76998
1.679962493,0.3,1,0,0,28118.27333
4.733685696,0.8,1,1,1,38739.00837
4.239172723,0.7,0,0,0,44020.85651
3.728330636,0.6,0,0,0,41559.37034
2.22437532,0.4,0,0,0,40283.5537
3.029736804,0.5,0,0,0,36603.59422
3.57485338,0.6,0,1,0,47099.73175
2.955242666,0.5,1,1,0,38052.74551
3.036749937,0.5,0,0,0,34757.93121
3.67006871,0.6,0,1,1,49516.8036
4.225237785,0.7,0,0,0,44972.80186
2.503428051,0.4,0,1,1,46518.51249
1.650764252,0.3,1,0,0,26453.33517
1.16554588,0.2,0,0,0,24708.02791
3.498853514,0.6,1,0,0,33156.24368
2.899027487,0.5,1,0,0,33571.61776
1.841750839,0.3,1,0,0,20989.58231
1.087365103,0.2,0,0,0,22361.81379
1.841177173,0.3,0,1,1,46849.99154
4.236927287,0.7,1,0,0,38314.8434
4.168067129,0.7,0,0,0,40629.61269
1.841306322,0.3,0,0,1,36611.15813
2.898589559,0.5,1,1,1,44832.8519
1.120839903,0.2,0,1,1,38993.54299
4.239706056,0.7,1,0,0,36777.45758
4.320781844,0.7,1,1,1,42124.27043
3.061548105,0.5,0,0,0,42746.86236
3.00884031,0.5,1,0,0,34782.20971
3.009959998,0.5,1,0,0,31574.60108
2.892615997,0.5,1,0,0,30787.30818
1.880446167,0.3,0,0,0,30967.34882
2.304702278,0.4,1,1,1,32532.94381
3.123908103,0.5,1,0,1,36043.87502
1.61613015,0.3,1,0,0,28443.44037
2.221057418,0.4,0,0,1,43144.68719
2.344175554,0.4,0,0,1,39563.64324
2.987255693,0.5,0,1,1,50535.92183
3.741849378,0.6,1,0,0,37679.78216
3.05221576,0.5,0,0,0,39574.14903
3.586517199,0.6,0,0,0,44926.71146
4.303750025,0.7,0,0,0,39865.28307
2.973113106,0.5,0,1,1,53030.66353
4.344375746,0.7,1,0,1,45499.5412
2.999092586,0.5,0,0,1,51135.88584
2.957595665,0.5,1,1,0,35539.22597
3.639491973,0.6,1,0,0,33180.0035
3.046373571,0.5,1,0,0,31183.59438
3.581549841,0.6,0,0,1,46311.01529
3.103350591,0.5,0,0,0,40976.62692
3.185885782,0.5,0,0,0,38590.75873
1.713858961,0.3,0,0,1,41668.87594
4.241947264,0.7,1,0,1,44720.48947
2.403750604,0.4,1,0,0,24793.89621
4.216936683,0.7,1,0,0,33929.56435
1.677742604,0.3,1,0,0,24024.77959
1.214573806,0.2,1,0,0,20807.09981
1.755223671,0.3,1,0,1,31772.29972
3.535411859,0.6,1,0,0,36386.49101
1.708490528,0.3,1,0,0,22497.8397
4.797362815,0.8,0,0,0,41522.06509
3.568132013,0.6,0,0,0,42604.08188
1.745661755,0.3,1,0,1,33782.02626
1.392171816,0.2,0,0,1,30438.95524
5.37959034,0.9,1,0,0,30830.7198
2.331335041,0.4,0,0,0,34612.49781
1.854888261,0.3,0,0,0,37568.0769
5.316440031,0.9,0,0,0,41681.00729
3.528665176,0.6,0,1,1,51776.75687
2.43321978,0.4,0,1,1,48507.44388
4.292604425,0.7,0,0,1,48755.5976
1.252707997,0.2,0,1,0,33005.21534
4.805694867,0.8,1,0,0,32630.94064
3.042433858,0.5,0,0,0,43437.52134
4.284838473,0.7,1,0,0,36917.68717
1.864307185,0.3,1,0,1,33367.08954
4.252073512,0.7,1,0,1,44256.09001
5.326558171,0.9,1,0,1,39821.96355
2.476486106,0.4,1,1,1,31592.89187
1.836969,0.3,1,0,0,19643.23539
5.261086819,0.9,0,0,0,46961.65267
4.745686138,0.8,1,0,0,34271.27785
5.425944076,0.9,0,0,0,43018.13407
5.907033584,1,1,1,0,34689.23158
3.569181348,0.6,0,0,1,45697.34484
1.76495635,0.3,0,0,1,38261.73717
3.694180674,0.6,1,1,1,44674.65406
3.031119986,0.5,0,0,0,39624.70689
2.304994237,0.4,1,0,0,29880.70476
2.459514869,0.4,1,0,0,27114.85289
2.406215617,0.4,0,0,1,48354.61625
3.080389247,0.5,0,0,1,47755.73844
4.211567978,0.7,1,1,0,43818.32017
2.502082782,0.4,1,0,0,25796.45282
3.504220658,0.6,1,0,0,42646.1356
2.969650387,0.5,0,0,0,47294.65368
3.592516963,0.6,1,1,0,38023.40832
2.356564234,0.4,1,0,0,31588.03845
2.309935585,0.4,0,0,1,44018.65895
1.725992156,0.3,0,0,0,34166.09912
4.778187106,0.8,0,1,1,51176.04249
3.007242917,0.5,1,1,0,37241.96409
3.538420647,0.6,1,0,0,38118.27935
1.732214219,0.3,1,1,0,22779.23373
3.649114505,0.6,1,0,1,41895.25945
4.112400414,0.7,0,0,0,40391.35285
3.053526274,0.5,0,0,0,40148.59412
2.245517609,0.4,0,1,0,33752.40959
2.536335048,0.4,1,0,0,25363.11136
3.596025046,0.6,1,0,0,34524.16221
1.874460048,0.3,0,0,0,31022.25249
4.784541232,0.8,0,1,0,47246.94009
4.134014753,0.7,1,0,1,44991.71249
4.065844021,0.7,1,0,1,42250.11648
4.081481794,0.7,1,0,1,41286.006
4.247783834,0.7,0,0,0,42025.42015
2.493117493,0.4,0,0,0,37469.02584
4.011019593,0.7,1,0,0,37449.39485
3.945231634,0.7,1,0,0,36758.56656
4.185335232,0.7,0,0,1,47113.85124
2.537105585,0.4,0,1,1,47933.23187
1.199267998,0.2,0,1,0,31853.5616
1.897593186,0.3,0,0,1,36485.03067
3.614552789,0.6,1,0,1,44787.61657
2.960507269,0.5,1,0,1,36734.99772
1.760370833,0.3,1,0,1,28254.17993
3.999963398,0.7,1,1,1,48215.86264
3.683297819,0.6,0,0,1,47889.25821
1.730703074,0.3,0,1,0,34906.05693
2.899239519,0.5,0,0,0,46672.67775
3.139444656,0.5,1,0,0,36246.61035
2.454056526,0.4,1,0,0,34383.08895
1.867161765,0.3,0,0,0,31203.31789
4.056598451,0.7,1,0,1,43740.03645
1.841211984,0.3,1,0,1,28657.98299
5.277288827,0.9,1,0,0,38461.54391
1.320783107,0.2,0,0,1,31801.87523
1.855472894,0.3,1,0,0,24729.89358
3.662419793,0.6,0,0,1,48038.00917
1.789280602,0.3,0,0,0,30386.02257
2.506727188,0.4,1,0,0,23654.56377
1.738478945,0.3,1,0,0,22964.2282
4.193689333,0.7,1,0,1,49568.93368
3.514800335,0.6,0,0,1,51141.19106
2.464720319,0.4,1,1,0,40155.89164
4.715673123,0.8,1,0,0,33083.06789
3.474445467,0.6,1,1,0,40142.62867
4.197385194,0.7,0,0,1,49558.11364
3.587835127,0.6,1,0,0,37761.57454
1.261437252,0.2,0,1,0,30936.35403
2.388779925,0.4,1,0,0,31864.37812
3.753930536,0.6,1,0,1,35331.34468
2.3609758,0.4,1,0,0,31978.47073
2.306477362,0.4,1,0,1,29052.46738
3.574847676,0.6,0,0,0,43710.01993
1.238781122,0.2,1,0,0,20419.26808
1.80856239,0.3,0,0,0,31683.55456
3.541754835,0.6,0,0,0,39559.38871
2.37906857,0.4,0,0,1,45721.64544
4.278775162,0.7,1,1,0,39021.53324
5.412131891,0.9,0,0,1,47400.12714
1.820220664,0.3,1,0,1,26103.45719
3.146445931,0.5,1,0,0,29786.42054
1.220198872,0.2,1,0,1,26418.78432
1.693110361,0.3,1,0,0,24285.47871
2.923891063,0.5,1,0,1,37115.3832
1.855391928,0.3,1,0,1,29683.4057
1.825643697,0.3,0,0,0,33648.73283
1.694202772,0.3,1,0,1,28626.38352
4.230443546,0.7,1,0,1,40641.67177
1.790795008,0.3,1,0,0,29000.04826
3.065592853,0.5,0,0,0,38373.96186
1.846249238,0.3,1,0,1,27343.24703
1.790203211,0.3,0,0,1,35039.31382
4.342094088,0.7,1,0,0,39879.28948
1.793627922,0.3,0,0,0,30127.38214
3.661233748,0.6,1,0,0,32699.36061
2.959963471,0.5,0,1,1,47705.33546
2.382778184,0.4,0,0,0,38339.75918
1.869176384,0.3,0,1,1,35073.69223
2.981600505,0.5,0,0,1,43882.56937
3.6476841,0.6,0,0,0,37104.09788
1.837212137,0.3,0,0,0,34898.35211
2.382010988,0.4,0,0,0,37870.38711
1.237523496,0.2,1,0,0,19499.90203
3.042494967,0.5,0,0,0,38963.48677
3.538469202,0.6,0,0,0,43232.86459
1.805283393,0.3,0,0,1,36908.48871
2.895268303,0.5,0,0,1,48247.08128
4.37383446,0.7,0,0,0,44744.98762
3.61981602,0.6,1,1,0,43355.22288
1.810125225,0.3,1,0,1,31387.81242
1.924369304,0.3,0,0,0,35431.02998
3.644397056,0.6,1,0,1,41860.72256
2.22844806,0.4,1,0,1,34506.31688
2.316670831,0.4,0,1,0,40854.61653
1.837485655,0.3,0,0,0,34398.4722
3.676971398,0.6,1,0,0,39290.17925
2.961498022,0.5,1,0,1,38174.70972
2.495687885,0.4,1,0,1,35802.74152
1.572235894,0.3,0,0,0,27728.84311
1.856127942,0.3,1,0,0,24565.26145
4.155272563,0.7,1,0,1,43725.80354
1.814896284,0.3,0,1,0,32962.18541
4.28715579,0.7,1,0,0,33234.02582
4.249039012,0.7,0,0,0,45689.41392
2.582411696,0.4,0,0,0,32272.45594
1.705049304,0.3,0,0,0,28592.11543
1.918263217,0.3,0,0,1,38352.26599
2.381128013,0.4,1,0,0,26076.57768
3.548084539,0.6,0,0,0,43340.22187
2.473392866,0.4,0,0,1,38895.1007
3.742730932,0.6,1,0,0,38007.70571
2.938321777,0.5,1,1,0,41162.28825
2.901563181,0.5,1,0,0,31373.07506
1.905185787,0.3,0,0,1,40684.10814
3.518224955,0.6,1,0,0,33543.31158
1.254560207,0.2,0,0,0,26841.60036
1.234191648,0.2,1,0,0,11417.18401
3.153034419,0.5,1,0,1,40251.91227
4.365070077,0.7,1,1,0,35059.35507
2.933013836,0.5,0,0,0,43867.01022
3.029852731,0.5,1,0,0,33447.00613
2.830430106,0.5,1,0,1,39990.22394
2.351519101,0.4,0,0,1,40956.34105
1.772087797,0.3,0,0,0,31013.90958
2.439037442,0.4,0,1,0,41304.8666
2.404288546,0.4,0,0,0,39280.30203
1.752329413,0.3,0,1,1,37108.08066
2.270016888,0.4,1,0,0,26172.92034
1.860073566,0.3,1,0,0,24298.81881
2.794433882,0.5,0,0,0,41510.67184
3.655893398,0.6,1,1,1,46768.84287
1.735065806,0.3,1,0,1,27178.42475
2.986018438,0.5,1,0,0,33937.40572
1.785722597,0.3,0,0,1,40966.64883
4.841964343,0.8,1,0,0,32842.26816
3.090439146,0.5,0,0,1,44023.58912
2.918547467,0.5,0,0,0,37550.25022
3.532130001,0.6,1,0,1,36226.0341
2.339509318,0.4,1,0,0,27189.61513
4.238276344,0.7,1,0,0,35458.16215
3.504023305,0.6,0,0,1,44682.0577
1.074412422,0.2,1,0,1,25671.83087
4.315001025,0.7,1,0,1,40944.71431
3.168193128,0.5,1,0,0,29547.91096
3.185042683,0.5,0,0,0,42042.54869
2.489648325,0.4,1,0,1,29299.1683
2.458578732,0.4,0,0,1,43601.94207
1.541654917,0.3,1,0,1,28230.50516
3.080281374,0.5,1,0,0,32773.94615
2.125688947,0.4,1,0,0,30876.88976
1.874887207,0.3,0,0,0,30054.02677
2.511997574,0.4,0,0,1,51181.69899
4.205855985,0.7,1,0,0,33836.96974
2.342241731,0.4,0,1,1,44194.31536
2.924792024,0.5,0,0,0,42677.88465
4.320346286,0.7,1,0,1,38926.20937
3.648014707,0.6,0,0,1,45665.98994
1.588417713,0.3,1,1,1,32637.29197
2.382710859,0.4,0,0,0,36992.1083
3.024759188,0.5,0,0,1,42844.33928
2.439926496,0.4,0,1,0,43502.68763
3.135707949,0.5,1,0,1,38744.20074
3.605243578,0.6,1,0,1,38678.90395
1.981831297,0.3,1,1,0,28848.33934
4.113167141,0.7,1,0,1,42384.30753
2.989281698,0.5,0,1,1,53407.32061
1.175763637,0.2,0,0,0,29856.71425
5.4504099,0.9,1,0,1,45292.20774
3.63372955,0.6,0,0,1,48389.86297
4.282046478,0.7,1,0,0,32021.97143
2.404097398,0.4,0,0,0,37053.37497
1.674214817,0.3,0,1,0,34998.78143
4.834926482,0.8,1,0,1,44435.26482
3.452599814,0.6,0,1,1,57392.38118
2.972393847,0.5,0,1,0,39627.82959
3.624081431,0.6,1,0,1,38322.11508
4.871232282,0.8,1,0,1,34451.52426
5.497171022,0.9,1,1,1,44430.84267
2.999004828,0.5,1,0,0,33130.09448
4.895002775,0.8,0,0,1,52552.40926
2.359263836,0.4,0,0,0,42212.81342
1.270744175,0.2,0,0,0,27182.43937
1.886223335,0.3,1,0,0,24505.36066
1.738319205,0.3,0,0,1,38929.86123
1.761650765,0.3,0,0,1,39535.47394
1.709187268,0.3,0,0,0,34614.87257
3.008292534,0.5,0,0,0,38785.56286
4.163422037,0.7,1,0,1,40623.85614
5.229896511,0.9,0,0,0,41342.37874
2.398301841,0.4,0,0,0,33727.33786
1.922798601,0.3,1,0,0,26074.46746
2.365200987,0.4,0,0,0,42933.49473
4.896682985,0.8,0,0,1,51039.62033
1.133299459,0.2,0,0,1,32400.84365
3.052192811,0.5,0,0,0,39243.21433
3.544166172,0.6,0,0,1,52905.75419
2.398199253,0.4,0,0,1,39758.6057
4.230510571,0.7,0,0,1,48403.08689
4.193134509,0.7,0,0,1,48710.07095
3.0856625,0.5,0,0,1,42587.27937
4.293169861,0.7,1,0,1,44690.40209
3.077367245,0.5,1,0,1,37943.64062
1.779063993,0.3,1,0,1,31775.94293
1.875024165,0.3,0,0,0,28639.70316
4.842565048,0.8,1,0,0,33012.54049
2.303928889,0.4,1,0,0,26513.88707
1.7014832,0.3,1,0,0,24203.44472
1.754655067,0.3,0,0,1,40041.45867
3.551753694,0.6,0,0,0,41479.74737
2.423960398,0.4,0,0,0,41200.78158
3.72628009,0.6,0,1,1,50685.25479
1.192037097,0.2,0,0,1,33420.22706
3.571930211,0.6,1,0,1,33184.16354
2.890188031,0.5,1,0,1,35555.51245
1.218283437,0.2,1,0,1,25302.92162
3.037989815,0.5,0,0,0,37575.57438
4.285994343,0.7,1,0,1,47388.48339
3.659991073,0.6,1,0,0,39355.38842
3.076807689,0.5,1,0,1,42756.91618
2.422347173,0.4,0,0,0,33502.9945
1.904088957,0.3,0,0,0,29754.38011
4.129886174,0.7,0,1,0,46509.23296
3.684103002,0.6,1,0,0,36421.71302
1.162976115,0.2,1,1,1,24127.77572
2.437245842,0.4,0,0,0,37603.8365
2.271485056,0.4,0,0,0,40614.62474
6.195025686,1,0,0,1,46936.59208
3.159057674,0.5,0,0,0,43542.84393
2.828714945,0.5,0,1,0,39035.70827
2.371062341,0.4,0,0,0,34694.54269
3.526658419,0.6,1,0,0,32759.95419
2.833126512,0.5,0,1,0,51237.37804
1.731726066,0.3,1,0,1,30835.29255
1.879309689,0.3,1,0,1,29963.14752
3.566192186,0.6,0,0,1,44809.73492
3.05451699,0.5,1,0,0,34475.69503
1.834288894,0.3,1,0,1,25375.39386
3.539463736,0.6,0,0,1,47616.07407
4.14174436,0.7,0,0,1,53115.68906
3.781262713,0.6,1,0,0,33643.50478
4.237397611,0.7,1,1,0,34412.16803
3.72744079,0.6,1,1,1,47884.74731
3.505976507,0.6,1,0,1,37979.26446
2.369594809,0.4,0,0,0,37055.50435
3.566416171,0.6,0,0,1,49261.41702
2.869307584,0.5,0,0,0,39276.87249
3.613971013,0.6,0,0,0,38399.67749
1.834357964,0.3,0,0,0,28551.73384
2.908656816,0.5,1,1,1,42790.03936
2.368680454,0.4,0,0,1,44658.11865
1.894489594,0.3,1,0,0,23746.86914
2.940662331,0.5,1,0,1,40272.45763
2.368149423,0.4,0,0,1,39504.08675
2.995313998,0.5,0,0,0,36377.58108
1.816446692,0.3,1,1,0,28544.60581
2.924368686,0.5,1,0,0,31864.67139
4.141331594,0.7,0,0,0,38627.25452
3.170991367,0.5,1,1,0,32486.2472
4.081131717,0.7,0,1,1,54905.66033
1.708905011,0.3,0,1,0,32120.35502
3.657357363,0.6,0,0,0,39202.93251
3.071867768,0.5,1,0,0,32762.95855
4.962945221,0.8,1,0,0,37563.81806
3.712451447,0.6,0,0,0,40772.00215
2.870698286,0.5,1,0,0,33454.01057
2.967656294,0.5,1,0,0,35443.91435
2.264739921,0.4,1,0,1,33647.69007
3.08633913,0.5,0,0,0,38115.28327
4.611503103,0.8,1,0,0,30810.17909
4.335568669,0.7,0,0,1,47330.05451
3.018591383,0.5,0,0,0,37525.29037
1.656745921,0.3,1,0,1,33106.95763
4.350580261,0.7,1,1,1,38810.21385
2.34392598,0.4,1,0,0,27477.42139
1.198892676,0.2,1,0,0,19519.60495
3.008145832,0.5,1,0,0,31118.54985
3.027942862,0.5,0,0,0,33497.74052
4.734487871,0.8,1,0,0,33983.46458
1.822926158,0.3,0,0,0,32446.73276
5.925013917,1,0,0,1,48437.74314
5.218830176,0.9,1,0,0,39504.30148
5.707301273,0.967533642,1,0,1,40298.32328
6.141371991,1,1,0,1,37456.23575
3.640851461,0.6,1,0,0,35535.78876
2.985623654,0.5,0,0,0,35507.82438
2.272129541,0.4,0,0,0,33571.87565
3.015053743,0.5,0,0,0,40140.08045
1.088148791,0.2,1,0,1,21756.57534
3.033371743,0.5,0,0,0,39528.02414
1.686255409,0.3,1,0,0,28017.92826
1.783002203,0.3,1,0,1,34892.29689
3.683938913,0.6,1,0,0,34918.08816
5.652493658,0.9,1,0,0,36081.88493
2.559934568,0.4,0,0,0,36657.00858
3.083610417,0.5,1,0,1,38888.07902
2.921180341,0.5,1,0,0,28471.68385
5.438002031,0.9,1,0,1,36943.02386
3.165105678,0.5,0,1,0,42838.19831
1.803364548,0.3,0,0,1,44364.22411
2.419195367,0.4,0,0,0,36289.53669
4.092148613,0.7,1,0,0,30542.42823
4.096596741,0.7,1,0,1,40935.50498
3.038601996,0.5,0,0,1,42513.08661
1.901387939,0.3,1,0,0,20237.96357
5.281683671,0.9,1,1,0,40336.71162
2.384709957,0.4,0,1,0,42663.42029
3.562033172,0.6,0,0,1,51489.21885
2.469583052,0.4,0,0,0,36832.4202
1.677100818,0.3,0,0,0,34051.23849
1.745676973,0.3,0,0,0,28292.01158
2.941118914,0.5,0,0,0,45052.03977
1.227938557,0.2,0,1,1,33878.59984
2.420990897,0.4,1,1,1,34797.81871
1.900769444,0.3,0,1,1,49168.92651
3.76074084,0.6,0,0,1,48700.35895
5.422704186,0.9,0,0,0,41501.15908
3.571101619,0.6,0,1,0,48954.00951
2.991146834,0.5,1,0,1,34076.32853
2.435096882,0.4,1,0,0,27547.82037
2.538286502,0.4,1,0,1,33359.6269
3.654080582,0.6,1,1,0,37955.76129
1.879357329,0.3,1,0,0,25175.75452
2.222784826,0.4,0,0,0,33769.69693
4.700173678,0.8,1,0,0,34614.32698
3.750931464,0.6,0,1,0,46365.97003
2.932493559,0.5,1,0,0,31380.78067
2.884221719,0.5,0,1,0,43266.22584
3.56931987,0.6,1,0,0,34710.64391
1.734605656,0.3,1,1,0,31779.86331
3.649025385,0.6,1,0,1,46806.61466
3.5320864,0.6,1,0,0,29422.78025
4.226731685,0.7,1,0,0,33224.3973
4.240043797,0.7,1,0,0,41664.87441
4.064110773,0.7,0,0,0,47778.85173
3.142783865,0.5,1,0,0,28929.58468
4.84896688,0.8,1,0,0,35255.92701
2.239027038,0.4,1,1,1,37502.58408
3.141017656,0.5,1,0,0,31640.72359
2.288424848,0.4,1,0,0,29891.98336
2.941300284,0.5,1,0,0,28873.88721
1.697325589,0.3,0,1,1,43096.56857
4.005346798,0.7,1,0,0,35102.90884
2.978458542,0.5,1,0,0,25020.87131
4.143023945,0.7,1,0,0,37272.29783
1.247078309,0.2,1,1,0,21923.64155
2.984984424,0.5,0,0,1,46002.32179
2.26891664,0.4,1,0,0,29890.01509
3.035178875,0.5,1,0,1,40347.10118
2.416454178,0.4,1,0,0,30684.53452
1.121424032,0.2,0,0,1,30925.39898
4.221485344,0.7,0,0,1,50473.26423
2.962049312,0.5,0,0,0,39503.66788
1.939326447,0.3,1,0,0,19209.57527
2.433860387,0.4,1,0,0,36651.36857
4.668030585,0.8,1,0,1,41491.97677
2.264581523,0.4,1,0,1,37516.49159
1.187145929,0.2,0,0,1,31423.10785
1.843468388,0.3,0,1,0,38446.34625
3.860375521,0.6,0,0,0,41325.84403
2.477398988,0.4,0,0,1,37225.22016
2.556268087,0.4,1,0,0,27008.12682
4.141694822,0.7,0,0,0,43839.85214
1.719748591,0.3,0,0,0,28381.3443
2.445824397,0.4,0,0,1,42055.88937
1.718335733,0.3,0,0,0,32142.51076
3.622180975,0.6,1,0,0,33693.24661
2.894974848,0.5,1,0,1,41031.53885
1.709676813,0.3,1,0,0,22463.52146
2.741285894,0.5,0,0,0,34557.18605
3.371347897,0.6,1,0,1,42183.5886
2.460174586,0.4,1,1,0,30795.56777
2.909531005,0.5,0,0,0,38735.42681
1.229522207,0.2,1,0,0,15250.44305
1.172456504,0.2,0,0,1,30193.68474
3.51223813,0.6,1,1,1,41702.62291
5.463597828,0.9,0,0,0,40621.98521
1.46239005,0.2,0,1,1,33727.36375
2.933460606,0.5,1,0,1,43647.62911
3.585095881,0.6,1,0,0,29860.53517
2.285390536,0.4,1,1,0,36425.62105
3.389517485,0.6,0,0,1,53309.36834
1.892056225,0.3,0,0,0,30848.41572
5.266488601,0.9,1,0,0,39347.19159
2.455889336,0.4,1,1,1,42127.49684
4.896481876,0.8,0,0,0,41203.30054
3.641611736,0.6,0,0,0,40282.53528
4.85386814,0.8,0,1,0,50155.77852
1.891127575,0.3,0,0,0,35997.63582
1.956496806,0.3,0,0,1,37773.11723
4.389345173,0.7,0,0,0,41492.19985
2.950271174,0.5,0,0,1,45099.44181
5.297254054,0.9,0,0,1,50200.62057
3.047309326,0.5,0,1,0,44157.90982
2.609785868,0.4,1,0,1,38232.88975
1.143033044,0.2,1,0,1,22965.99045
3.503653872,0.6,0,0,1,44533.18692
4.059234681,0.7,0,0,0,47657.22604
3.66599707,0.6,0,0,0,45740.75797
2.419838265,0.4,0,0,1,40152.80848
1.181780231,0.2,1,0,0,16631.76818
3.748530204,0.6,0,0,0,40024.31948
3.676099541,0.6,1,0,0,40403.55013
3.21293529,0.5,1,0,0,31512.94859
4.868038061,0.8,0,0,1,43080.68209
1.687205145,0.3,1,0,0,25664.91139
3.041060368,0.5,0,0,1,44640.2377
2.41064827,0.4,1,0,0,30934.71026
1.845026049,0.3,1,0,0,19940.35378
2.3151451,0.4,1,0,0,26845.59558
4.118868409,0.7,0,0,1,50589.1518
1.239475433,0.2,0,0,1,25190.2468
3.468598454,0.6,1,0,0,41112.88484
5.403910569,0.9,1,1,1,39232.61816
3.600061472,0.6,1,1,1,47226.31841
1.700435737,0.3,1,0,0,25919.17397
3.629817318,0.6,0,0,0,41874.06243
1.822588862,0.3,0,0,0,33290.37006
1.7622172,0.3,0,0,1,30005.78378
3.053037873,0.5,1,1,1,48861.67515
1.848746259,0.3,0,0,0,31301.10826
5.266326622,0.9,0,0,0,45086.94073
2.489311201,0.4,1,0,0,26556.32392
3.682960366,0.6,0,0,1,48332.56649
1.879772169,0.3,0,0,0,34175.93903
4.284073341,0.7,1,0,0,33500.90446
3.574024761,0.6,1,0,1,37427.39053
2.501293694,0.4,0,0,0,34201.43484
3.002848623,0.5,0,0,1,47778.68337
4.604091953,0.8,1,0,1,40920.92581
4.948824569,0.8,1,1,0,36922.30314
1.679463199,0.3,1,0,1,22966.00277
4.373296607,0.7,0,0,1,47736.35243
5.841898014,0.969885753,1,0,0,31134.59122
2.617322928,0.4,0,0,1,40800.65595
5.716293707,0.961927554,1,0,0,31654.12641
5.408410086,0.9,1,0,0,39034.44459
1.970541127,0.3,0,0,0,31963.79237
2.868998916,0.5,1,0,0,36219.28478
1.809098444,0.3,1,1,0,31332.42028
4.217194906,0.7,0,0,0,46406.78904
4.689626021,0.8,1,0,0,32063.5633
4.371623709,0.7,0,0,0,46458.24731
4.289016908,0.7,1,0,0,34780.20948
2.349081328,0.4,1,0,0,30279.67646
3.508210568,0.6,1,0,1,35292.32627
4.815573006,0.8,1,0,0,32158.15715
3.651225076,0.6,0,1,0,47197.24486
3.01968745,0.5,1,0,1,38848.09581
3.582686418,0.6,0,0,0,42614.65903
1.749796317,0.3,0,0,1,44663.48227
3.658821075,0.6,1,0,1,39084.5889
4.703247981,0.8,0,0,0,46325.37545
5.29531779,0.9,1,0,0,33899.69214
2.986293238,0.5,0,1,1,51622.76406
3.390025468,0.6,1,0,0,39995.11728
4.941296517,0.8,0,0,1,49560.4015
3.712799262,0.6,1,0,0,31174.8223
3.629312154,0.6,1,0,0,33028.34327
4.161012869,0.7,0,0,1,46550.71368
2.247549015,0.4,1,1,0,35882.30152
1.921984474,0.3,0,0,0,36870.71341
2.946564595,0.5,1,1,1,41528.92626
4.951897946,0.8,1,0,1,47216.43051
2.859187746,0.5,1,0,0,34358.45391
5.460351775,0.9,1,0,1,41089.10162
2.443257604,0.4,0,0,0,38739.73312
5.380448865,0.9,1,0,1,41648.80985
1.827823774,0.3,0,0,1,43489.21662
2.588553251,0.4,1,0,0,27733.94616
1.184514819,0.2,0,0,0,25484.15753
4.00185862,0.7,0,0,1,50246.19259
3.030893592,0.5,1,0,0,34927.50419
2.871255506,0.5,0,1,0,48294.4178
1.200126303,0.2,0,0,0,22087.10698
1.913177011,0.3,1,0,0,20515.68495
3.43268789,0.6,1,0,1,37787.28628
1.976804602,0.3,1,0,0,30717.7629
2.543580581,0.4,1,0,0,28304.19374
2.320986885,0.4,0,0,1,40842.07222
4.416317245,0.7,0,0,1,51950.83618
2.957015658,0.5,1,1,1,45640.06371
4.216141289,0.7,0,0,1,46450.1674
1.787871781,0.3,0,0,0,35531.9706
3.685187397,0.6,1,0,0,33675.9947
2.552226531,0.4,1,0,0,28347.95892
1.107787672,0.2,0,0,0,26211.33489
1.860016579,0.3,0,0,1,41824.77054
3.720122638,0.6,0,0,1,48381.1622
2.367422303,0.4,1,0,0,19207.85801
3.133195347,0.5,1,1,0,36891.87396
3.019914374,0.5,1,1,0,34064.31459
1.726946672,0.3,0,0,0,24347.19305
2.955031915,0.5,1,0,0,37859.46945
3.721012071,0.6,1,0,1,41558.29297
4.183565235,0.7,0,0,1,53561.61266
2.451701252,0.4,0,0,0,40632.91932
2.412134917,0.4,0,0,0,31928.16919
4.678805824,0.8,1,1,0,42357.31093
3.450611305,0.6,1,0,0,36757.58434
2.417657382,0.4,0,0,1,38160.5053
3.705725734,0.6,1,0,0,36039.06792
3.543297115,0.6,1,1,1,45784.93545
3.069259561,0.5,0,0,0,36272.18774
4.840067949,0.8,0,1,1,53251.66651
2.979559378,0.5,0,0,0,38773.77646
3.595582707,0.6,1,0,0,31702.51556
4.147627256,0.7,0,0,0,40456.53667
1.78507622,0.3,1,0,0,23136.39448
2.980260469,0.5,0,0,0,40442.39944
4.220318184,0.7,1,0,0,33232.369
2.623057254,0.4,1,0,0,31420.5876
4.803280915,0.8,1,1,0,38942.62274
4.093396361,0.7,0,0,0,44188.16083
2.939369538,0.5,1,0,0,32635.36411
2.496732669,0.4,1,0,0,31017.53366
2.441740339,0.4,1,0,1,33770.08726
3.586782815,0.6,0,0,1,49811.47141
2.309676763,0.4,0,1,0,44448.78418
1.722188625,0.3,1,0,1,34590.04911
1.724080146,0.3,1,0,1,34593.03232
2.401631992,0.4,1,0,0,25843.56941
2.867915785,0.5,1,0,1,36510.28333
2.788666915,0.5,0,1,1,45184.64786
3.655658678,0.6,1,1,1,42272.42521
3.623286314,0.6,0,0,1,46668.81748
2.405144136,0.4,0,0,0,36141.37032
1.287693393,0.2,0,0,1,28407.39454
3.124902187,0.5,0,0,0,38717.02261
4.902086415,0.8,1,1,0,42603.32911
3.562658211,0.6,0,0,0,39752.09818
3.547955345,0.6,1,0,0,36886.29944
3.488109192,0.6,0,1,1,53956.22579
2.411860426,0.4,0,0,0,29582.49029
4.255765786,0.7,1,0,1,36702.52266
1.940844252,0.3,0,0,1,34947.79379
3.115094131,0.5,1,0,0,43355.59157
2.943962076,0.5,1,1,1,42084.18175
3.649172243,0.6,0,0,1,49489.41395
1.644584885,0.3,0,0,0,36109.10575
4.036465223,0.7,1,0,0,34366.37395
6.134613017,1,0,0,1,48259.39712
4.209073764,0.7,1,0,0,38175.02739
1.740861518,0.3,1,0,0,18087.29956
3.643311706,0.6,1,1,0,34762.97218
2.359393195,0.4,1,0,1,34311.73628
2.959541075,0.5,1,0,0,31451.25797
4.071665134,0.7,1,0,1,42484.36995
1.374602935,0.2,0,0,0,25986.27949
4.976334816,0.8,0,0,0,45683.40942
3.05092484,0.5,1,0,0,31914.65068
3.55337798,0.6,0,0,1,48644.87842
4.656571142,0.8,1,0,1,45061.41186
4.736886419,0.8,0,1,1,54674.1479
3.03286096,0.5,1,0,1,42539.87129
1.89510553,0.3,0,0,1,35120.66489
3.655256246,0.6,1,0,0,36160.09365
4.295830006,0.7,0,1,0,45898.08318
3.780320987,0.6,0,0,0,41690.46868
3.085439995,0.5,1,1,0,36050.96502
4.084110329,0.7,0,0,0,43965.02772
2.959892862,0.5,1,1,0,39557.44896
4.415006121,0.7,1,0,1,40038.01325
4.053642776,0.7,0,1,0,47319.46444
1.117259086,0.2,1,0,0,20369.4931
3.611186132,0.6,1,0,0,29598.80562
1.041666449,0.2,0,0,1,31332.22178
4.230120961,0.7,1,0,0,35795.97511
3.567573157,0.6,1,0,1,40419.45351
4.10630077,0.7,1,0,0,35985.87879
2.522145444,0.4,0,0,1,36693.3381
2.615407358,0.4,1,0,0,35378.66857
2.926398215,0.5,1,0,0,31108.04956
